CustomerID,Recency,Frequency,MonetaryTotal,Cluster,Churn
17850,302,35,5288.630000000001,0,1
13047,32,18,3079.1,2,0
12583,3,18,7187.34,2,0
13748,96,5,948.25,2,1
15100,330,6,635.1,0,1
15291,26,20,4596.51,2,0
14688,8,27,5107.38,2,0
17809,16,15,4627.62,2,0
15311,1,118,59419.34,1,0
14527,3,86,7711.38,1,0
16098,88,7,2005.63,2,0
18074,374,1,489.6,0,1
17420,50,3,598.83,2,0
16029,39,76,50992.61,1,0
16250,261,2,389.44,0,1
12431,36,18,6416.389999999999,2,0
17511,3,46,88125.38,1,0
17548,218,3,-141.48,0,1
13705,8,3,711.86,2,0
13747,374,1,79.6,0,1
13408,2,81,27487.41,1,0
13767,2,52,16945.71,2,0
17924,1,13,2894.33,2,0
13448,17,10,3465.6700000000005,2,0
15862,8,4,832.88,2,0
15513,31,22,14520.080000000002,2,0
12791,374,1,192.6,0,1
16218,30,8,3054.87,2,0
14045,109,4,1659.75,2,1
14307,89,6,2995.72,2,0
17908,374,1,243.28,0,1
17920,4,17,4204.1,2,0
12838,34,2,683.13,2,0
13255,4,3,390.66,2,0
16583,374,1,233.45,0,1
18085,330,2,689.9499999999999,0,1
13758,12,7,3190.55,2,0
13694,4,60,62653.1,1,0
15983,22,4,1475.02,2,0
14849,22,28,7904.280000000001,2,0
17968,374,1,277.35,0,1
16210,2,18,21086.300000000003,2,0
17897,173,4,541.1,0,1
17377,24,21,3925.92,2,0
16552,243,2,379.73,0,1
17181,57,2,239.92,2,0
17951,40,4,990.8400000000004,2,0
14729,374,1,313.49000000000007,0,1
12748,1,224,29072.1,1,0
15012,54,2,423.04,2,0
12868,186,6,1607.0600000000002,0,1
17572,71,4,226.75,2,0
14078,102,6,1049.37,2,1
14001,46,4,2030.33,2,0
12662,1,12,3817.08,2,0
15525,2,4,811.02,2,0
14237,373,1,161.00000000000003,0,1
17905,71,4,800.24,2,0
15485,30,3,2575.0,2,0
12433,1,7,13375.87,2,0
16955,185,5,493.67,0,1
15350,373,1,115.65,0,1
15605,36,5,1198.23,2,0
18144,8,12,2888.7500000000005,2,0
15922,372,2,363.6000000000001,0,1
14594,7,2,379.8299999999999,2,0
15165,373,1,487.75,0,1
14911,1,248,132572.62,1,0
16456,99,5,2158.3700000000003,2,1
17841,2,169,40340.78,1,0
12472,31,13,6229.48,2,0
17346,4,16,2611.58,2,0
17643,373,1,101.55,0,1
17873,80,6,1764.3600000000004,2,0
13093,267,13,7741.47,0,1
12921,4,50,16389.74,2,0
13468,2,41,5656.75,2,0
17760,22,2,287.59000000000003,2,0
16928,80,19,2781.5,2,0
16048,86,3,243.69000000000003,2,0
16274,373,1,357.94999999999993,0,1
14496,312,2,538.8100000000001,0,1
14696,4,9,2070.9700000000003,2,0
16539,3,4,1388.81,2,0
17025,61,3,357.77,2,0
13777,1,41,25748.35,2,0
17690,30,16,4748.45,2,0
12947,144,11,1407.2900000000002,2,1
17460,79,8,452.63000000000005,2,0
18229,12,20,7276.9,2,0
14142,373,1,311.81,0,1
17069,28,13,2655.2200000000003,2,0
13065,373,1,205.86,0,1
14606,1,128,11713.85,1,0
16835,128,2,180.85,2,1
15235,218,12,2247.51,0,1
13576,10,20,6703.300000000001,2,0
18011,373,1,102.79,0,1
13090,9,18,8689.39,2,0
15694,1,15,6423.599999999999,2,0
14741,12,6,1400.34,2,0
13715,281,8,1053.94,0,1
14092,8,17,4063.1,2,0
17732,373,1,303.97,0,1
12855,373,1,38.1,0,1
15752,40,8,2628.93,2,0
17855,373,1,208.97,0,1
14047,9,7,1290.0099999999998,2,0
17925,373,1,244.08,0,1
13941,22,7,4912.409999999999,2,0
17017,3,27,8574.11,2,0
14135,2,15,4690.31,2,0
13108,373,1,350.05999999999995,0,1
12471,2,49,18740.92,2,0
15601,11,17,6745.360000000001,2,0
13418,12,23,5845.4400000000005,2,0
14766,8,8,2423.07,2,0
15658,190,8,958.9,0,1
14388,9,10,3172.04,2,0
14901,11,10,1414.99,2,0
18041,12,22,4161.14,2,0
15955,24,16,4389.81,2,0
15070,373,1,106.2,0,1
16244,212,2,1522.75,0,1
15111,29,3,1567.4799999999998,2,0
14390,10,13,4592.47,2,0
16546,291,3,-95.92999999999998,0,1
15260,100,8,1780.7699999999998,2,1
13305,4,10,2000.86,2,0
14491,175,2,340.93,0,1
14060,5,20,6135.38,2,0
15923,373,1,127.08,0,1
16752,373,1,207.5,0,1
17287,26,7,1064.11,2,0
15363,241,2,318.05,0,1
12915,149,2,363.65,0,1
15544,9,11,3542.51,2,0
15738,19,19,4788.77,2,0
16042,22,7,1147.37,2,0
17381,9,30,20272.43,2,0
15827,73,20,1641.4800000000002,2,0
14180,11,31,4640.77,2,0
13117,22,8,984.91,2,0
16916,24,2,576.2600000000001,2,0
17964,32,2,471.69999999999993,2,0
14466,29,7,2272.4,2,0
17235,25,2,550.0600000000002,2,0
16510,372,1,248.1,0,1
17802,82,4,1251.84,2,0
15107,311,8,247.66,0,1
17976,372,1,353.19000000000005,0,1
14449,19,4,907.1,2,0
15838,11,21,33350.759999999995,2,0
16781,365,2,294.65000000000003,0,1
17547,372,1,-11.8,0,1
13491,52,10,1215.8199999999997,2,0
16186,23,13,3991.94,2,0
17685,17,7,3191.53,2,0
17581,1,31,10736.11,2,0
15732,212,2,294.11999999999995,0,1
13138,22,6,962.39,2,0
15823,337,2,-840.7599999999999,0,1
17567,7,10,4012.56,2,0
15061,4,55,54228.740000000005,1,0
16203,59,5,589.15,2,0
15640,4,17,12433.34,2,0
15574,178,4,702.25,0,1
16770,58,6,744.9000000000001,2,0
17838,27,6,2312.7000000000003,2,0
17228,16,8,1906.09,2,0
14829,29,6,644.65,2,0
17412,3,7,1258.0600000000002,2,0
14031,7,23,14634.64,2,0
14775,58,3,1011.9,2,0
12971,4,89,10930.259999999998,1,0
15834,70,6,2084.9,2,0
17659,4,14,2954.75,2,0
15299,67,11,3787.09,2,0
15646,158,4,425.14,0,1
13958,372,1,-102.45,0,1
14443,54,7,1400.88,2,0
14156,10,66,113384.14,1,0
16995,372,1,-1.25,0,1
13402,127,2,621.2300000000002,2,1
18168,176,9,1133.64,0,1
17757,1,31,5585.49,2,0
14625,185,5,848.48,0,1
13011,372,1,50.55,0,1
13798,1,63,36351.42,1,0
15384,170,3,635.7600000000001,0,1
14264,155,3,319.47,0,1
13295,360,2,197.95,0,1
16754,372,1,2002.4,0,1
16634,223,2,217.9,0,1
18239,219,5,1561.61,0,1
14576,372,1,35.400000000000006,0,1
13145,40,5,614.77,2,0
14395,2,12,3471.91,2,0
14865,7,2,52.2,2,0
15093,18,9,4410.14,2,0
12738,372,1,155.35,0,1
16150,39,10,1906.07,2,0
17552,43,6,909.96,2,0
14236,81,2,490.86,2,0
17961,21,39,1296.44,2,0
14573,180,13,1603.72,0,1
17135,16,7,1139.73,2,0
17396,39,8,7330.8,2,0
14213,372,1,-1192.2000000000005,0,1
12967,3,4,1194.75,2,0
12686,372,1,89.14,0,1
14679,372,1,-2.55,0,1
15240,45,7,1685.5700000000002,2,0
18225,3,17,5361.02,2,0
13370,366,2,721.3199999999999,0,1
16883,187,2,276.73,0,1
13520,59,8,3487.7499999999995,2,0
12841,5,26,3876.4,2,0
16905,5,8,3085.4800000000005,2,0
12427,12,5,708.37,2,0
17967,372,1,123.07,0,1
16891,2,5,809.7,2,0
14589,372,1,39.75,0,1
14680,25,23,26932.34,2,0
17884,4,4,717.45,2,0
12557,16,5,11990.96,2,0
14083,4,9,1018.43,2,0
13013,1,15,4786.99,2,0
14210,91,7,1900.89,2,1
16477,64,7,2494.46,2,0
12600,29,11,2581.04,2,0
16013,4,54,33366.25,1,0
17949,1,52,52750.84,1,0
12779,21,12,3868.7,2,0
16926,371,1,230.25000000000003,0,1
17787,153,4,1865.19,0,1
12682,4,31,12288.22,2,0
14723,10,6,1158.3,2,0
17954,5,16,2295.37,2,0
17819,72,8,3661.07,2,0
12712,23,17,4241.629999999999,2,0
15373,8,13,2213.11,2,0
16140,53,4,703.7700000000001,2,0
17198,24,3,692.2199999999999,2,0
17238,3,17,3744.65,2,0
12793,335,2,545.48,0,1
15769,7,29,51823.72,1,0
14396,65,2,487.99000000000007,2,0
14898,23,8,1228.3200000000002,2,0
12725,371,1,427.8,0,1
16725,302,8,775.0700000000002,0,1
12395,16,15,2998.28,2,0
16455,64,7,1841.18,2,0
13081,1,21,27964.48,2,0
15545,54,2,292.72,2,0
17243,1,30,8628.550000000001,2,0
15465,20,24,6945.02,2,0
15708,41,11,3329.72,2,0
13089,3,118,57385.88,1,0
16033,6,27,8727.61,2,0
13838,6,4,691.7299999999999,2,0
15351,12,10,1862.14,2,0
18055,7,11,6752.139999999999,2,0
15038,43,7,665.59,2,0
18109,2,31,7925.320000000001,2,0
13069,1,27,3717.82,2,0
16241,10,13,2607.8700000000003,2,0
14800,48,16,4236.34,2,0
16839,9,39,15357.78,2,0
16168,11,28,3770.6,2,0
16931,5,21,4604.219999999999,2,0
16814,14,22,6500.6,2,0
13269,1,17,5315.92,2,0
14813,370,2,155.42999999999998,0,1
12567,23,11,9114.94,2,0
17062,314,5,534.47,0,1
15332,366,4,1661.06,0,1
14810,41,11,2087.88,2,0
16353,4,23,6675.710000000001,2,0
18118,11,31,5595.77,2,0
13831,16,6,2202.99,2,0
13506,312,3,452.82,0,1
17796,40,4,697.9000000000001,2,0
15716,146,4,1118.81,0,1
18156,13,2,734.94,2,0
15221,366,2,114.10000000000004,0,1
16983,13,8,1920.2,2,0
17059,30,5,3095.04,2,0
16327,14,6,3844.22,2,0
17211,27,9,2299.67,2,0
17026,185,2,154.82999999999998,0,1
15570,7,13,4109.97,2,0
15880,369,2,313.28,0,1
16718,369,1,623.7500000000001,0,1
15808,306,5,3724.77,0,1
17858,6,12,5155.66,2,0
16393,2,20,2941.05,2,0
14161,216,3,1110.52,0,1
17863,59,6,3160.0,2,0
16411,19,2,214.65,2,0
16402,265,2,299.6,0,1
15023,3,12,6763.16,2,0
17402,5,13,2633.8499999999995,2,0
15426,19,7,1429.9,2,0
12647,22,13,3669.92,2,0
15894,253,2,263.55,0,1
15867,5,16,3797.79,2,0
14506,17,5,2012.17,2,0
15555,12,20,4758.200000000001,2,0
13034,55,2,642.7700000000001,2,0
15889,157,2,446.87,0,1
15953,15,10,1634.5299999999995,2,0
16143,3,7,2419.84,2,0
12720,3,29,5713.28,2,0
16422,17,75,33805.69,1,0
12747,2,11,4196.009999999999,2,0
15502,16,23,5541.460000000001,2,0
12763,138,2,494.08,2,1
14081,267,4,904.67,0,1
17965,38,14,2622.57,2,0
14404,34,7,1434.7200000000005,2,0
13579,15,2,467.0400000000001,2,0
13174,16,3,2817.03,2,0
15987,12,7,1451.28,2,0
17677,2,43,16219.22,2,0
13652,46,3,1095.08,2,0
12586,17,2,179.94,2,0
17428,1,33,17078.449999999997,2,0
16161,2,26,5352.97,2,0
16858,366,2,345.8900000000001,0,1
18219,3,11,2019.77,2,0
14293,3,4,1046.56,2,0
14748,29,6,1311.79,2,0
16638,23,11,1676.47,2,0
17674,74,2,551.0400000000001,2,0
12808,37,3,483.65,2,0
13094,21,16,1708.86,2,0
15899,369,1,56.25,0,1
12708,30,16,2616.32,2,0
15898,1,6,1384.6799999999998,2,0
17691,358,2,290.4,0,1
17227,19,6,939.32,2,0
15039,10,52,19786.44,2,0
15919,20,2,639.8900000000001,2,0
13497,283,3,321.04999999999995,0,1
15860,41,8,977.2099999999998,2,0
14189,2,24,4604.31,2,0
15304,61,10,680.3000000000002,2,0
14867,186,4,701.33,0,1
14344,127,8,889.9300000000002,2,1
12474,17,30,7116.469999999999,2,0
16719,15,8,1773.92,2,0
15048,65,5,380.5700000000001,2,0
15301,51,14,5028.119999999999,2,0
14708,3,4,1096.6699999999998,2,0
16898,26,4,444.46,2,0
14825,4,12,2226.9100000000003,2,0
18113,369,1,76.32000000000001,0,1
17596,23,7,2827.9300000000003,2,0
15078,7,38,9623.35,2,0
14085,2,19,4435.790000000001,2,0
17860,369,1,252.8,0,1
13155,33,4,971.7600000000002,2,0
15028,8,4,627.1300000000001,2,0
16919,156,11,2596.4500000000003,2,1
17259,148,2,603.37,0,1
17019,11,4,1272.61,2,0
14487,27,7,1183.58,2,0
16722,17,16,4711.21,2,0
15882,199,5,495.36000000000007,0,1
14667,11,27,9231.2,2,0
16710,19,10,2483.04,2,0
16550,109,9,2266.25,2,1
15984,3,11,2816.9700000000003,2,0
17682,10,7,2459.3299999999995,2,0
16658,368,1,123.24,0,1
17068,12,22,4531.34,2,0
15356,31,10,2766.5,2,0
17223,310,2,426.79,0,1
16817,3,13,1446.95,2,0
13030,11,2,799.4800000000001,2,0
17191,28,7,2095.13,2,0
15194,3,22,7521.17,2,0
14409,71,7,1908.25,2,0
16654,141,5,594.9699999999999,2,1
16861,60,3,151.65,2,0
16138,368,1,-7.95,0,1
13481,46,8,1776.81,2,0
13495,8,6,1990.12,2,0
17519,17,7,1839.07,2,0
17218,4,10,1960.72,2,0
17812,13,4,732.1599999999999,2,0
14215,12,7,1777.92,2,0
15602,8,15,1083.63,2,0
17320,100,3,1200.62,2,1
16782,10,19,2242.25,2,0
12913,5,5,2483.63,2,0
17869,107,5,428.18,2,1
13564,144,5,647.7400000000004,2,1
14850,312,2,278.15000000000003,0,1
15021,9,13,1872.28,2,0
13963,308,4,664.5400000000001,0,1
17450,8,55,187482.17,1,0
17091,3,10,3802.81,2,0
17470,45,5,1125.0700000000002,2,0
17616,174,3,571.2,0,1
15649,336,2,816.0,0,1
12681,15,27,13677.59,2,0
14907,3,10,3478.85,2,0
17735,2,19,13110.02,2,0
16059,66,6,1459.86,2,0
17720,26,4,1195.94,2,0
15018,39,4,456.26,2,0
14733,9,15,9451.54,2,0
13756,2,15,5145.120000000001,2,0
14176,297,5,574.0,0,1
13319,5,36,10664.34,2,0
15353,255,2,777.0200000000002,0,1
18119,368,1,181.11999999999995,0,1
17491,1,11,3541.920000000001,2,0
14282,3,15,3729.34,2,0
13569,17,2,373.75,2,0
15498,1,35,12396.46,2,0
14673,3,5,1736.4,2,0
13488,17,17,8910.61,2,0
16221,37,3,864.86,2,0
15002,116,4,1641.7599999999998,2,1
15965,17,4,845.64,2,0
15024,10,10,1661.33,2,0
17675,1,41,20098.1,2,0
13769,2,16,2771.87,2,0
16904,4,16,3754.27,2,0
16086,59,6,1119.31,2,0
13786,367,1,230.4,0,1
13880,21,13,3219.7700000000004,2,0
13173,4,2,353.65000000000003,2,0
15858,16,5,1438.85,2,0
15180,367,1,87.5,0,1
12347,2,7,4310.000000000001,2,0
14739,2,8,3899.1,2,0
16293,9,12,2236.74,2,0
17419,11,14,4200.97,2,0
16775,10,11,1695.66,2,0
16306,214,9,602.2700000000001,0,1
16950,57,3,1178.56,2,0
17591,73,8,2215.0200000000004,2,0
12839,3,16,5583.62,2,0
13807,367,1,112.6,0,1
16125,367,1,289.35,0,1
15081,22,6,487.35,2,0
18102,1,62,256438.49,1,0
16365,18,9,1540.42,2,0
17870,2,13,1889.4,2,0
14821,367,1,48.8,0,1
16863,29,4,481.35,2,0
13078,1,43,12432.28,2,0
13267,3,27,4404.4400000000005,2,0
13050,9,28,5684.61,2,0
12709,3,26,9294.1,2,0
15628,5,10,2865.64,2,0
12386,338,2,401.9,0,1
14796,1,27,7839.51,2,0
16779,2,28,10454.05,2,0
13599,1,33,5030.6,2,0
13329,32,4,740.3999999999999,2,0
18077,8,11,2633.01,2,0
14744,16,9,1088.53,2,0
17406,330,5,1928.72,0,1
15750,3,9,2451.23,2,0
13983,30,13,2590.46,2,0
13842,59,9,3385.6200000000003,2,0
12441,367,1,173.55,0,1
13199,4,39,9803.96,2,0
14032,2,18,2929.84,2,0
17706,4,22,10097.37,2,0
16081,56,5,2806.9,2,0
16525,2,29,11895.57,2,0
14952,46,15,7912.790000000001,2,0
17975,15,14,4393.610000000001,2,0
16122,73,4,684.42,2,0
13126,5,10,2056.29,2,0
15973,236,3,99.77,0,1
16558,1,24,8257.04,2,0
16713,19,21,6840.2300000000005,2,0
16893,367,1,145.93,0,1
15529,23,12,3967.78,2,0
18043,25,3,559.51,2,0
16016,3,10,1483.31,2,0
17722,96,6,2380.6400000000003,2,1
17324,18,4,990.23,2,0
17341,157,3,781.3599999999999,0,1
14051,1,26,15477.34,2,0
15916,16,10,1491.2400000000002,2,0
16233,71,5,422.13,2,0
16385,60,3,555.89,2,0
15032,256,5,4464.1,0,1
17213,40,11,2741.08,2,0
18061,22,10,2119.41,2,0
13113,1,40,10510.0,2,0
16553,163,14,5664.57,2,1
13455,25,4,1007.35,2,0
14217,2,24,1925.36,2,0
17262,52,5,1253.36,2,0
14299,8,18,2855.3500000000004,2,0
18259,25,3,2338.6000000000004,2,0
17676,4,7,1383.2700000000002,2,0
16679,366,1,129.75,0,1
18269,358,2,138.9,0,1
12766,4,7,6989.63,2,0
15298,2,14,3774.1,2,0
18193,151,3,212.96,0,1
13523,33,6,3755.38,2,0
12870,366,1,-14.9,0,1
15005,16,35,6180.49,2,0
15581,121,14,3429.9700000000003,2,1
15680,9,3,1333.6799999999998,2,0
13649,257,2,346.6,0,1
17894,72,8,1119.81,2,0
13270,366,1,590.0,0,1
14618,9,4,538.59,2,0
14866,11,13,14197.45,2,0
13077,1,4,729.2700000000001,2,0
13115,9,14,2205.63,2,0
13531,205,2,483.80000000000007,0,1
13848,92,3,1255.0,2,1
13140,108,3,423.72,2,1
15713,143,3,346.75,0,1
17999,37,2,382.06000000000006,2,0
15347,366,1,201.6,0,1
17340,9,16,11891.18,2,0
13984,27,6,488.03,2,0
15996,88,7,1044.7800000000002,2,0
14030,18,8,2360.09,2,0
16252,366,1,-295.09000000000003,0,1
16596,16,2,250.15,2,0
16700,9,17,5040.0,2,0
16011,8,16,3362.71,2,0
17655,11,8,2571.7400000000007,2,0
16717,9,9,3278.36,2,0
14243,9,14,2535.88,2,0
12963,8,9,1841.03,2,0
15079,213,5,893.6600000000001,0,1
14437,143,2,-43.400000000000006,0,1
12942,131,3,683.9000000000001,2,1
15660,25,12,1552.0099999999998,2,0
18092,2,12,9065.76,2,0
15358,5,29,8234.8,2,0
12481,23,11,5590.860000000001,2,0
12721,32,7,2628.98,2,0
12621,2,23,13612.07,2,0
18071,258,2,453.0,0,1
12683,4,20,8221.09,2,0
12755,250,4,2203.2,0,1
13854,9,29,8025.019999999999,2,0
12797,360,3,194.18,0,1
13369,354,2,263.75,0,1
12494,10,13,1139.35,2,0
17857,3,25,26763.34,2,0
17411,12,4,748.94,2,0
14932,366,1,363.53,0,1
12429,9,4,3750.4,2,0
14987,16,2,326.4,2,0
14355,366,1,174.4,0,1
17526,1,8,706.7,2,0
14896,205,2,468.77,0,1
14440,8,5,2357.6800000000003,2,0
13240,96,4,663.6500000000001,2,1
14479,254,2,316.24999999999994,0,1
16065,365,1,372.09,0,1
17430,33,2,265.76000000000005,2,0
16520,186,4,1036.62,0,1
15945,365,1,181.0,0,1
15181,66,5,680.28,2,0
15856,4,31,16173.67,2,0
13102,1,27,6336.29,2,0
14205,11,4,218.78,2,0
17702,30,6,1719.7200000000005,2,0
15271,7,16,2485.82,2,0
13982,39,5,1861.11,2,0
15288,43,5,2306.5200000000004,2,0
17978,365,1,300.92,0,1
16795,365,1,414.88,0,1
16519,25,2,215.08,2,0
17816,37,4,36.56,2,0
13021,4,12,2584.4,2,0
16255,17,10,2609.3,2,0
17671,16,6,1284.0800000000002,2,0
17646,219,4,995.66,0,1
12649,107,4,603.71,2,1
16350,21,5,1100.4699999999998,2,0
12872,327,2,599.9700000000001,0,1
17339,94,2,243.36,2,1
18230,9,10,2716.6,2,0
16499,360,5,319.1,0,1
17097,2,9,937.92,2,0
15192,120,3,1044.3200000000002,2,1
14441,1,10,1545.14,2,0
15279,355,2,277.41,0,1
16579,365,1,-30.6,0,1
15380,9,6,1682.36,2,0
17442,29,10,2210.26,2,0
17950,72,4,472.12,2,0
12826,3,8,1468.12,2,0
17456,365,1,249.86,0,1
17307,365,1,-152.64,0,1
15811,17,9,2171.32,2,0
13327,39,9,3617.5699999999993,2,0
17700,17,6,2508.89,2,0
13136,50,11,2545.38,2,0
15535,173,7,459.9,0,1
12605,365,1,-7.5,0,1
15329,35,5,1005.5,2,0
15211,60,2,894.41,2,0
15596,101,9,1343.34,2,1
16163,225,3,441.6000000000001,0,1
16907,29,5,981.65,2,0
17576,8,22,3457.78,2,0
14713,9,12,2664.26,2,0
14702,1,18,3250.6400000000003,2,0
13230,4,15,2763.41,2,0
13969,7,20,8986.689999999999,2,0
17530,1,10,2385.0,2,0
15805,23,20,5452.17,2,0
17696,38,14,2201.05,2,0
17076,36,3,841.0799999999999,2,0
17827,5,5,1995.46,2,0
16265,9,11,5423.15,2,0
17880,365,1,458.92,0,1
13000,107,3,534.8500000000001,2,1
17790,27,14,1965.55,2,0
12731,24,14,18793.41,2,0
14419,11,6,1058.06,2,0
14082,365,1,182.25,0,1
17912,310,6,295.61,0,1
15723,365,1,203.1,0,1
16656,22,21,8568.24,2,0
14037,176,2,147.2,0,1
14256,254,3,935.06,0,1
14543,4,21,2916.1700000000005,2,0
16062,10,4,1153.62,2,0
18116,68,8,1418.03,2,0
16019,2,10,3450.24,2,0
18178,114,6,1573.41,2,1
18065,6,15,2380.08,2,0
13148,29,17,3348.4800000000005,2,0
12989,3,19,6854.51,2,0
14107,52,8,2688.48,2,0
15881,312,8,438.24,0,1
12785,3,2,305.71,2,0
16727,364,1,272.81999999999994,0,1
15514,12,13,2963.19,2,0
13787,76,2,309.04,2,0
17865,31,27,10158.54,2,0
17220,24,14,3198.25,2,0
16565,364,1,173.7,0,1
16873,5,10,7066.31,2,0
14062,10,12,10464.850000000002,2,0
15179,18,7,2186.2000000000007,2,0
18016,32,5,1483.56,2,0
14448,9,2,375.35,2,0
15503,363,1,147.09,0,1
17251,363,1,283.28,0,1
16923,12,26,6666.83,2,0
14159,20,14,4678.3,2,0
17126,152,7,991.85,0,1
15224,358,3,310.48,0,1
14577,13,4,859.7100000000002,2,0
12753,4,11,21024.01,2,0
17236,13,6,916.13,2,0
17372,41,8,1342.68,2,0
16367,37,2,804.49,2,0
12875,143,2,343.2300000000001,0,1
17917,45,3,341.28000000000003,2,0
16010,246,3,407.50000000000006,0,1
17085,123,6,1555.0500000000002,2,1
13668,3,29,6216.07,2,0
14684,26,5,1236.2799999999995,2,0
17188,11,9,2275.58,2,0
15547,7,14,4954.84,2,0
15998,37,6,3084.17,2,0
14413,362,1,122.7,0,1
18004,362,1,169.47,0,1
13959,79,3,598.1999999999999,2,0
16665,362,1,135.39999999999998,0,1
15454,362,1,179.10000000000002,0,1
15044,19,22,7629.380000000001,2,0
17937,9,7,4301.22,2,0
14608,4,4,1785.15,2,0
17618,6,3,971.5800000000002,2,0
14505,17,11,5818.700000000001,2,0
18037,154,6,70.02,0,1
13198,10,8,3384.09,2,0
12540,20,19,13309.04,2,0
13225,3,8,6083.04,2,0
15361,362,1,418.9200000000001,0,1
15689,120,2,254.1,2,1
14290,11,6,2307.45,2,0
13209,30,11,5820.16,2,0
13999,10,15,3865.26,2,0
14498,43,5,1957.32,2,0
15854,4,12,2974.65,2,0
16701,9,18,5150.27,2,0
16927,116,3,543.0500000000001,2,1
17990,237,3,630.84,0,1
14544,24,2,2024.45,2,0
17338,17,10,6612.18,2,0
17231,12,14,3127.82,2,0
17799,22,11,3026.08,2,0
14565,96,6,3073.77,2,1
16726,26,5,1382.02,2,0
17303,361,1,250.04,0,1
14639,52,8,2952.34,2,0
17611,4,19,3947.87,2,0
17179,178,3,711.79,0,1
17524,361,1,145.0,0,1
12476,1,20,6546.58,2,0
17293,8,9,1875.11,2,0
17890,323,2,602.0900000000001,0,1
17375,190,4,372.5,0,1
17371,17,3,423.88999999999993,2,0
17969,166,2,228.2,0,1
15159,2,34,18573.68,2,0
13211,10,3,1197.42,2,0
15777,241,5,1021.61,0,1
14525,9,13,4221.369999999999,2,0
13324,32,12,7072.799999999998,2,0
13802,138,6,3906.27,2,1
13948,361,1,102.0,0,1
13008,323,2,178.47,0,1
14206,239,2,308.26,0,1
16202,361,1,365.27,0,1
16442,2,3,616.79,2,0
18075,23,14,2538.7200000000003,2,0
15468,35,5,438.46,2,0
16570,9,15,3622.95,2,0
14524,32,9,1867.6800000000003,2,0
18141,361,1,-35.400000000000006,0,1
12434,85,4,765.1899999999999,2,0
16810,192,2,275.64,0,1
14961,11,12,7006.58,2,0
17041,27,4,1065.77,2,0
16458,3,18,3482.7400000000007,2,0
16083,101,2,1317.62,2,1
16262,361,1,-31.65,0,1
17194,274,2,262.62,0,1
14057,24,18,6147.4,2,0
14871,3,4,522.38,2,0
13178,26,11,5725.469999999999,2,0
18044,4,11,2085.65,2,0
16812,361,1,479.3500000000001,0,1
16191,3,25,4913.320000000001,2,0
12370,51,4,3545.69,2,0
14298,3,45,50862.44,1,0
17158,32,3,1266.97,2,0
14415,1,18,5811.56,2,0
16899,8,6,1281.56,2,0
16531,22,7,1244.59,2,0
17404,4,18,30300.82,2,0
16556,67,7,3313.79,2,0
16805,174,2,460.5899999999999,0,1
16503,107,5,1421.4299999999998,2,1
17739,12,8,2786.05,2,0
13238,11,5,680.8299999999999,2,0
12829,322,3,253.05,0,1
13097,33,14,5893.32,2,0
12867,26,10,3986.22,2,0
15392,5,5,1515.73,2,0
13846,25,4,847.6099999999999,2,0
14401,4,14,4039.98,2,0
16145,9,18,3741.98,2,0
17629,6,9,1784.12,2,0
14150,36,2,658.64,2,0
13496,11,3,617.93,2,0
13611,89,4,1158.2,2,0
16954,1,9,2085.08,2,0
17454,192,4,517.53,0,1
17449,2,8,2504.86,2,0
17230,264,11,3466.67,0,1
12865,26,3,1548.07,2,0
15950,2,5,1705.2599999999998,2,0
15512,156,2,121.0,0,1
17525,360,1,422.7,0,1
13458,7,22,9537.92,2,0
14426,19,16,3918.9,2,0
16003,30,5,2735.37,2,0
13092,71,6,459.83,2,0
13426,1,12,3550.7,2,0
15101,9,3,310.03,2,0
17033,86,3,1030.14,2,0
13221,240,2,847.4100000000001,0,1
14201,60,9,688.0400000000001,2,0
17692,127,5,733.4399999999998,2,1
15822,3,2,885.4699999999999,2,0
16134,22,3,603.6900000000002,2,0
17551,359,1,306.84000000000003,0,1
18050,359,1,74.4,0,1
14913,36,4,1227.43,2,0
12666,359,1,-227.44,0,1
15641,105,4,1887.2,2,1
13124,90,3,3866.33,2,0
17214,60,7,984.12,2,0
15456,283,3,447.22,0,1
15062,71,4,987.86,2,0
12928,35,5,2062.7,2,0
15727,17,7,5178.959999999999,2,0
17980,166,3,811.45,0,1
15290,5,21,7803.769999999999,2,0
17752,359,1,80.64,0,1
15615,10,27,10360.04,2,0
12577,35,4,595.4,2,0
17044,9,3,897.43,2,0
13829,359,1,-102.0,0,1
17633,31,6,1242.34,2,0
13266,11,19,3717.67,2,0
17820,191,2,-24.05,0,1
15664,51,2,358.63,2,0
17189,106,2,384.4,2,1
17496,359,1,271.05,0,1
16607,18,16,3038.67,2,0
13317,64,9,2140.07,2,0
13890,1,14,1860.86,2,0
17001,1,11,3989.57,2,0
15246,238,2,514.15,0,1
16996,30,9,1427.4600000000005,2,0
15482,16,16,6568.72,2,0
16037,270,3,855.0200000000001,0,1
14841,53,6,3295.76,2,0
16670,17,17,4022.46,2,0
16985,17,11,5461.619999999999,2,0
16705,1,29,13946.13,2,0
16470,52,5,757.44,2,0
14414,92,8,1485.1300000000003,2,1
15563,9,7,1319.69,2,0
12980,156,12,7092.060000000001,2,1
16746,5,19,6694.31,2,0
14878,13,9,1485.5400000000002,2,0
16743,29,8,2191.84,2,0
17146,106,3,749.78,2,1
12877,4,12,1535.7700000000002,2,0
15394,10,4,2183.5400000000004,2,0
14621,1,6,1765.7599999999998,2,0
15379,169,8,3631.89,0,1
14309,8,10,2319.6800000000003,2,0
17288,9,7,1419.73,2,0
14709,15,14,4911.140000000001,2,0
15157,4,5,1869.5,2,0
17744,4,7,2291.08,2,0
16316,64,12,2755.5599999999995,2,0
15620,50,6,1524.4,2,0
15789,358,1,351.3,0,1
16560,21,3,816.5100000000001,2,0
13534,2,43,5613.08,2,0
17580,253,3,215.72,0,1
14777,4,2,-17.45,2,0
15759,218,3,253.04,0,1
14373,358,1,76.55,0,1
18176,354,2,448.65,0,1
15366,75,2,602.5100000000001,2,0
14735,4,34,5807.6900000000005,2,0
16271,3,6,1423.29,2,0
18223,2,27,6315.2300000000005,2,0
15532,25,6,1517.08,2,0
16816,103,4,417.06000000000006,2,1
16684,4,31,65892.08,1,0
14334,17,9,2539.46,2,0
16945,22,19,4345.5,2,0
14643,170,3,668.6099999999999,0,1
15197,9,5,656.44,2,0
14220,247,2,632.3999999999999,0,1
13874,358,1,540.45,0,1
18260,173,8,2595.0,0,1
17848,81,9,901.2,2,0
17392,307,2,457.91,0,1
12348,75,4,1797.24,2,0
14985,198,2,296.75,0,1
13004,12,22,5613.43,2,0
14560,7,24,2174.1800000000003,2,0
12931,22,20,33462.81,2,0
13627,59,7,1624.0200000000002,2,0
12551,358,1,168.0,0,1
12782,5,6,2273.32,2,0
14769,3,10,10641.6,2,0
15780,184,3,475.28,0,1
12417,3,12,3578.8,2,0
17315,1,43,6204.459999999999,2,0
16711,3,5,1651.03,2,0
12726,28,7,2609.1,2,0
15204,357,1,316.58,0,1
17888,19,10,525.78,2,0
17007,51,7,877.43,2,0
15160,357,1,158.16000000000005,0,1
14016,154,5,4328.46,0,1
13033,357,1,190.55,0,1
12691,28,6,1035.8,2,0
13869,123,4,3104.95,2,1
14146,9,6,2949.57,2,0
12705,15,14,6814.24,2,0
16885,15,3,471.51,2,0
17913,59,2,411.6,2,0
12668,7,6,3743.18,2,0
14472,104,8,1936.84,2,1
17358,303,2,365.85,0,1
16686,47,9,3043.48,2,0
18245,7,8,2507.56,2,0
17343,355,1,193.64,0,1
18256,355,1,-50.1,0,1
16153,50,5,1824.23,2,0
12377,315,2,1628.12,0,1
14646,2,77,279489.02,1,0
12944,36,2,604.5099999999999,2,0
15312,75,5,921.1,2,0
14099,16,12,3092.97,2,0
14113,4,8,1377.92,2,0
13104,3,6,1098.48,2,0
17204,169,9,1352.9100000000003,0,1
13027,114,6,6912.0,2,1
17621,21,4,1336.1,2,0
17090,4,8,2041.85,2,0
14119,354,1,-19.9,0,1
15527,19,10,2348.8200000000006,2,0
18097,8,7,2692.85,2,0
15460,354,1,216.76,0,1
15034,16,11,4277.66,2,0
12423,1,9,1849.11,2,0
12678,42,13,17588.26,2,0
15208,1,6,867.62,2,0
17306,11,21,8600.730000000001,2,0
14737,4,3,1164.55,2,0
13029,31,3,1247.5,2,0
16270,353,1,1141.2399999999996,0,1
13487,58,3,575.4000000000001,2,0
12515,353,1,383.7000000000001,0,1
17400,126,5,2129.96,2,1
17593,4,6,3911.56,2,0
13953,7,7,3515.6799999999994,2,0
14533,25,9,1812.6200000000003,2,0
12734,353,1,110.4,0,1
14944,30,14,5842.950000000001,2,0
17239,313,2,379.9500000000001,0,1
14532,236,4,932.85,0,1
12383,185,6,1839.31,0,1
15562,352,1,134.55,0,1
15587,50,4,913.68,2,0
13922,352,1,172.24999999999997,0,1
13817,29,2,382.98,2,0
12585,234,4,1982.81,0,1
13165,46,2,1021.48,2,0
13304,351,1,300.42,0,1
13313,22,5,1555.32,2,0
16875,64,9,2023.47,2,0
16282,340,1,168.3,0,1
12957,4,12,3979.04,2,0
14462,64,15,1965.9,2,0
13397,73,6,1539.1799999999998,2,0
13680,1,5,2202.31,2,0
12483,17,13,2327.13,2,0
15164,69,3,843.0499999999998,2,0
17457,127,5,1737.7,2,1
14732,8,10,2686.34,2,0
14221,42,10,3427.85,2,0
14553,19,5,859.2700000000001,2,0
13253,157,2,1030.4,0,1
17389,1,43,31300.08,2,0
12578,21,4,2753.36,2,0
15841,64,6,1209.1,2,0
16112,143,4,195.74,0,1
13629,23,11,7792.360000000001,2,0
16600,4,6,813.5199999999999,2,0
15661,317,2,309.8,0,1
16532,18,3,6748.8,2,0
15266,338,1,119.3,0,1
14653,1,7,1947.55,2,0
16771,33,5,2246.8100000000004,2,0
17585,109,4,1133.07,2,1
15046,9,16,5064.009999999999,2,0
13082,126,10,3595.48,2,1
15464,338,1,1048.85,0,1
18226,39,14,5192.1,2,0
18062,173,3,720.5200000000001,0,1
12415,24,26,123725.45,1,0
12503,338,1,-1126.0,0,1
17368,23,9,1349.52,2,0
14258,9,10,12650.080000000002,2,0
15719,33,14,5043.96,2,0
13368,257,2,623.4,0,1
17634,36,9,2361.9700000000003,2,0
16676,34,5,1558.72,2,0
16424,191,2,82.56,0,1
18283,4,16,2094.88,2,0
12735,315,2,779.57,0,1
13764,71,3,1521.7600000000002,2,0
13656,165,2,379.65,0,1
12413,67,5,694.1500000000001,2,0
14312,47,6,1611.59,2,0
13280,122,3,814.86,2,1
15845,18,10,3650.87,2,0
16094,12,6,1041.83,2,0
13187,337,1,236.02,0,1
16567,194,2,865.6,0,1
14828,197,3,2139.76,0,1
12530,60,5,1623.6300000000003,2,0
16551,96,3,922.12,2,1
16889,195,3,1578.67,0,1
16473,165,4,314.86,0,1
13750,54,5,1647.26,2,0
12501,315,2,2089.68,0,1
15607,337,1,104.76,0,1
15139,240,2,178.96,0,1
12489,336,1,334.92999999999995,0,1
17707,185,2,152.39999999999998,0,1
18198,4,21,5083.060000000001,2,0
12484,33,8,4495.27,2,0
18179,9,6,1793.1700000000003,2,0
17284,60,7,1641.68,2,0
13233,74,2,605.1199999999999,2,0
14889,336,1,135.9,0,1
12480,28,4,3281.63,2,0
14672,235,2,765.55,0,1
13593,108,6,1990.28,2,1
13162,122,5,1644.9899999999998,2,1
13183,8,9,3957.7800000000007,2,0
17095,22,6,1088.1999999999998,2,0
12939,64,8,11581.8,2,0
15611,10,15,1568.39,2,0
17114,6,10,747.22,2,0
15059,41,11,1325.82,2,0
16326,6,15,3085.96,2,0
17128,335,1,157.08999999999995,0,1
14761,59,2,255.9,2,0
17555,20,2,483.26,2,0
12651,335,1,114.0,0,1
16735,79,7,2269.21,2,0
16833,1,4,1106.53,2,0
17800,37,9,1199.01,2,0
16748,18,5,1515.9,2,0
14755,10,12,4965.38,2,0
16549,10,10,4154.639999999999,2,0
13565,19,2,240.22,2,0
15799,76,3,884.14,2,0
18032,334,1,73.5,0,1
13451,26,6,2916.45,2,0
14794,3,9,1272.11,2,0
12539,22,5,3852.5,2,0
12500,23,13,4206.27,2,0
18171,59,7,1208.5100000000002,2,0
16279,21,4,1496.6799999999998,2,0
12524,9,8,4485.719999999999,2,0
17811,4,51,7677.709999999999,2,0
16850,334,1,332.41,0,1
14321,11,5,1530.7500000000002,2,0
15326,334,1,311.7099999999999,0,1
17849,218,4,605.8000000000001,0,1
13672,301,6,-71.45999999999998,0,1
14229,52,5,1450.6,2,0
13107,44,5,1524.0700000000004,2,0
16497,50,6,2965.69,2,0
16303,26,4,5305.83,2,0
15281,59,12,2239.95,2,0
12736,333,1,234.00000000000003,0,1
13473,61,3,417.54,2,0
14320,207,3,343.11,0,1
12393,72,4,1582.6,2,0
17742,113,2,355.11,2,1
16351,333,1,153.9,0,1
12601,190,6,569.5600000000001,0,1
13144,333,1,110.95,0,1
15346,333,1,252.42,0,1
15370,41,8,2360.55,2,0
12643,128,6,3344.6399999999994,2,1
14295,40,2,154.7,2,0
16034,196,3,437.69999999999993,0,1
17365,13,8,4801.56,2,0
15189,1,53,15802.14,2,0
14669,242,3,1269.9900000000002,0,1
18095,313,2,580.05,0,1
15518,64,13,1911.89,2,0
15749,235,4,21535.9,0,1
14209,11,7,2067.13,2,0
15569,104,5,1375.71,2,1
12728,71,4,836.3299999999999,2,0
17569,332,1,344.14,0,1
13784,10,11,2462.7899999999995,2,0
12724,5,4,1031.41,2,0
13862,18,10,2187.3100000000004,2,0
16791,29,8,1706.28,2,0
16235,41,6,858.41,2,0
14270,332,1,492.65,0,1
12665,325,2,61.75,0,1
12523,2,13,1745.5699999999997,2,0
16655,18,6,3794.52,2,0
16359,7,12,1460.37,2,0
16554,3,7,641.55,2,0
12359,8,6,6245.529999999999,2,0
15939,90,16,6102.259999999999,2,0
14587,19,10,1598.2400000000002,2,0
14715,25,4,867.3800000000001,2,0
14185,331,1,197.65,0,1
12437,2,19,4896.66,2,0
14040,41,15,3542.19,2,0
12652,322,2,914.53,0,1
14514,61,3,1055.35,2,0
15171,325,2,1034.5,0,1
14167,39,4,574.84,2,0
17048,115,6,864.32,2,1
17364,1,12,4455.73,2,0
13284,323,2,196.15,0,1
16500,5,6,400.86,2,0
12951,9,8,1042.07,2,0
15835,44,4,954.09,2,0
18190,192,3,274.51,0,1
13993,32,12,3409.6600000000003,2,0
14114,274,2,386.53,0,1
15447,331,1,155.17,0,1
16315,331,1,226.37,0,1
14978,72,5,1931.42,2,0
16395,61,5,1486.9,2,0
15510,331,1,250.0,0,1
13614,24,4,1610.46,2,0
13246,18,7,1922.1,2,0
15687,9,11,2981.5,2,0
16493,73,6,1329.66,2,0
12490,5,10,5417.93,2,0
12672,330,1,225.9,0,1
13385,330,1,534.5699999999999,0,1
15626,75,2,675.8000000000001,2,0
12553,8,14,3652.25,2,0
15213,319,3,325.05,0,1
14175,51,7,3108.0600000000004,2,0
18106,330,1,430.7,0,1
15033,5,11,2571.02,2,0
14329,9,14,4928.74,2,0
16401,1,20,4061.24,2,0
16206,55,4,537.0600000000001,2,0
13782,13,6,912.0,2,0
12924,88,5,929.9500000000002,2,0
16593,51,3,330.03000000000003,2,0
13700,26,10,2265.12,2,0
13064,13,4,1119.4900000000002,2,0
13048,14,5,1805.91,2,0
18069,26,7,2021.82,2,0
13634,33,5,1575.16,2,0
16843,43,17,10183.82,2,0
17064,59,3,859.35,2,0
17609,41,6,1103.9199999999998,2,0
15673,88,4,2881.02,2,0
12626,23,13,6388.35,2,0
14976,57,8,765.86,2,0
12388,16,6,2780.6600000000003,2,0
13527,34,8,2263.76,2,0
15696,33,12,2644.46,2,0
15316,327,1,165.0,0,1
12673,5,2,610.52,2,0
15296,44,10,3610.31,2,0
17988,12,8,191.17,2,0
12820,3,4,942.34,2,0
13001,4,15,9797.92,2,0
14101,74,6,5976.790000000001,2,0
14238,326,1,146.85,0,1
17730,3,15,5288.83,2,0
13929,169,3,802.85,0,1
14657,18,5,838.27,2,0
13859,326,1,201.16,0,1
18212,326,1,248.42,0,1
14292,8,14,4819.329999999999,2,0
13883,1,9,2538.75,2,0
18233,326,1,440.0,0,1
17018,41,2,920.1,2,0
14242,235,2,280.55,0,1
12356,23,3,2811.43,2,0
12346,326,2,0.0,0,1
13898,326,1,155.93,0,1
16948,139,3,435.02,2,1
16997,288,3,702.0,0,1
12527,82,3,348.71000000000004,2,0
15395,326,1,107.45000000000002,0,1
12510,143,2,982.57,0,1
13693,325,2,-32.0,0,1
13263,1,35,7454.07,2,0
14428,7,7,1230.14,2,0
12451,11,6,8933.52,2,0
12422,96,3,803.5599999999998,2,1
17708,188,2,267.08000000000004,0,1
14090,325,1,76.32000000000001,0,1
15606,57,11,2422.64,2,0
15831,58,4,747.7600000000001,2,0
13310,9,6,1083.63,2,0
14916,71,5,1264.84,2,0
17602,2,8,5050.77,2,0
14572,3,10,2803.6900000000005,2,0
13502,17,3,291.99999999999994,2,0
14784,26,2,289.99,2,0
15938,112,5,404.58,2,1
12637,67,10,5953.25,2,0
17418,42,2,463.46,2,0
14779,281,3,386.15,0,1
16321,72,7,230.7,2,0
15262,324,1,178.95000000000002,0,1
17862,324,1,330.9,0,1
16892,1,7,496.8400000000001,2,0
12402,323,1,225.6,0,1
17771,57,2,245.81000000000003,2,0
15422,323,2,97.7,0,1
14770,232,2,876.42,0,1
16912,23,14,2528.67,2,0
15174,323,1,135.75,0,1
14895,8,24,11020.26,2,0
12594,38,11,3320.2200000000003,2,0
17504,206,10,2745.28,0,1
16387,323,1,94.36,0,1
12664,8,10,4863.88,2,0
16618,31,6,2630.6400000000003,2,0
17277,228,2,1065.35,0,1
14088,10,14,50415.490000000005,2,0
17094,318,2,270.19999999999993,0,1
14692,137,5,582.0500000000001,2,1
12970,7,4,452.24000000000007,2,0
17889,212,2,203.87,0,1
17644,1,17,2768.98,2,0
17714,321,1,153.0,0,1
12916,139,5,2982.3499999999995,2,1
17769,13,12,3960.63,2,0
14450,181,3,483.25,0,1
16085,23,5,981.51,2,0
13659,197,3,1550.85,0,1
15167,321,1,163.00000000000003,0,1
15443,2,8,3212.16,2,0
14224,110,4,1050.12,2,1
13742,17,14,3102.42,2,0
17673,1,7,1622.2199999999998,2,0
12727,11,9,3947.7000000000007,2,0
14068,320,1,265.85,0,1
13068,10,2,344.0,2,0
14368,320,1,155.0,0,1
15497,18,3,1259.6999999999998,2,0
12559,311,3,536.2099999999999,0,1
13819,302,3,1140.35,0,1
14501,64,3,190.31000000000003,2,0
14782,320,1,200.1,0,1
17861,3,9,2059.2,2,0
14439,320,1,2661.24,0,1
18161,10,6,1612.79,2,0
15820,320,1,206.98,0,1
18136,63,4,761.8299999999998,2,0
16660,16,5,810.45,2,0
12693,121,6,830.9599999999999,2,1
12625,212,3,2614.32,0,1
13396,22,4,1325.29,2,0
12935,2,8,2156.45,2,0
16730,52,4,702.79,2,0
14541,59,8,1461.6500000000003,2,0
13551,319,1,91.8,0,1
12421,16,5,806.2700000000001,2,0
15797,113,4,2207.4,2,1
15052,319,1,215.78,0,1
14130,319,1,483.86,0,1
15222,319,1,585.0,0,1
13615,313,2,399.99,0,1
13901,72,5,2867.2,2,0
13158,95,4,1201.06,2,1
14257,51,6,3087.2700000000004,2,0
15218,11,11,5756.89,2,0
15110,24,7,970.25,2,0
14534,3,25,4075.35,2,0
15967,23,2,418.83,2,0
16757,319,1,106.83,0,1
12854,79,5,1289.1500000000003,2,0
13815,22,5,4014.91,2,0
18008,70,9,2116.19,2,0
18277,58,2,97.63,2,0
14389,9,5,999.72,2,0
13703,318,1,99.5,0,1
15339,66,3,557.5699999999999,2,0
12744,52,10,9120.39,2,0
16222,318,1,846.72,0,1
14341,45,9,2166.38,2,0
13168,36,5,1310.14,2,0
16943,212,3,816.7299999999999,0,1
17515,31,4,639.02,2,0
17082,33,2,2003.85,2,0
14248,318,1,302.58,0,1
12609,78,3,1126.85,2,0
13002,318,1,120.95,0,1
16133,4,46,14305.66,2,0
13049,64,2,656.6800000000002,2,0
14548,151,2,652.8,0,1
13405,74,3,572.4509999999999,2,0
14049,17,6,5639.15,2,0
16043,38,4,773.99,2,0
15812,107,5,1801.14,2,1
13837,212,2,271.24,0,1
17118,318,1,157.02,0,1
14616,243,3,406.08,0,1
14233,44,5,1447.5100000000002,2,0
17075,18,5,813.7700000000001,2,0
16714,219,4,911.53,0,1
13098,1,41,28658.88,2,0
17027,79,7,848.59,2,0
12591,317,1,452.85,0,1
17786,85,2,278.74,2,0
16124,316,2,187.15,0,1
16409,36,5,2028.88,2,0
13754,152,2,282.6,0,1
15227,37,5,1219.4,2,0
12997,22,7,1197.94,2,0
15215,45,6,615.9899999999999,2,0
16918,50,7,1043.34,2,0
16882,67,3,705.12,2,0
14442,2,5,1544.62,2,0
16496,9,4,1562.22,2,0
12764,317,1,1693.88,0,1
17311,78,2,1384.85,2,0
15910,1,8,1232.18,2,0
16949,4,7,1161.2700000000002,2,0
14970,68,4,1592.06,2,0
14701,11,12,2486.2200000000003,2,0
12645,34,5,1755.38,2,0
12468,143,3,724.04,0,1
16767,31,11,5580.599999999999,2,0
14738,39,9,1289.94,2,0
17540,9,3,570.4,2,0
14239,43,13,2323.5000000000005,2,0
18125,30,5,1141.34,2,0
13328,316,1,1308.48,0,1
15549,77,4,1655.7599999999998,2,0
15864,22,8,1769.7800000000002,2,0
14662,29,4,771.1700000000001,2,0
17180,56,6,780.38,2,0
15057,275,2,1489.5,0,1
12574,316,1,218.45,0,1
13330,93,3,1140.93,2,1
13552,66,16,3539.53,2,0
12853,108,9,1881.7,2,1
13538,43,7,1280.85,2,0
16755,114,5,1484.63,2,1
14133,130,5,590.3399999999999,2,1
16523,2,28,9295.67,2,0
14659,9,12,2456.53,2,0
13141,85,6,2385.8,2,0
15365,26,9,1330.4500000000005,2,0
13707,267,2,806.41,0,1
13709,4,17,6249.11,2,0
17329,14,2,523.11,2,0
14805,15,4,554.6500000000001,2,0
16897,299,3,213.03000000000003,0,1
15579,69,2,348.6,2,0
14595,20,6,1740.6,2,0
13161,313,1,112.75,0,1
15415,313,1,572.81,0,1
17431,313,1,403.3,0,1
17463,16,6,1881.36,2,0
14502,20,14,2351.02,2,0
12528,9,8,1922.28,2,0
15448,313,1,494.64,0,1
17314,25,11,2514.76,2,0
17373,40,4,646.9200000000001,2,0
18145,13,4,2861.55,2,0
14467,18,4,598.76,2,0
12908,59,4,246.0,2,0
15144,8,18,6530.040000000001,2,0
14776,51,13,2195.5800000000004,2,0
16403,302,2,161.04999999999998,0,1
16407,13,10,2126.9300000000003,2,0
17619,312,1,218.51999999999995,0,1
12778,20,7,804.23,2,0
17256,107,2,240.0,2,1
17604,217,2,309.36,0,1
14006,116,3,962.19,2,1
13600,312,1,219.52,0,1
15058,25,11,2124.99,2,0
17147,23,6,1679.64,2,0
13881,4,22,16989.52,2,0
16612,33,4,1187.66,2,0
14627,312,1,-21.85,0,1
17356,312,1,178.21999999999997,0,1
12477,23,9,13117.01,2,0
12836,59,4,2612.86,2,0
13939,23,4,556.7499999999999,2,0
16745,87,18,7170.7,2,0
13606,29,3,280.54,2,0
13494,312,1,316.26000000000005,0,1
12929,122,2,105.1,2,1
16419,113,7,959.48,2,1
17035,246,3,388.33,0,1
15203,26,6,1827.8,2,0
16515,52,5,1627.13,2,0
12373,311,1,364.6,0,1
18202,200,3,1396.9900000000002,0,1
12775,17,6,1351.2400000000002,2,0
14549,311,1,289.24,0,1
15981,25,8,3408.48,2,0
16110,45,3,1337.48,2,0
17376,71,2,203.2,2,0
13110,31,8,1452.87,2,0
16716,267,3,319.8000000000001,0,1
12676,25,6,1331.39,2,0
15940,311,2,31.8,0,1
15971,18,12,4199.85,2,0
14665,61,7,1258.38,2,0
14457,311,1,113.64,0,1
15589,253,4,456.58,0,1
14411,311,1,1063.0,0,1
17560,95,5,854.9500000000002,2,1
15226,311,1,154.41,0,1
14460,110,4,383.34,2,1
16156,9,13,3024.62,2,0
13728,37,6,1016.14,2,0
14127,123,3,709.7099999999999,2,1
16378,247,3,362.9500000000001,0,1
13894,22,5,535.97,2,0
13824,33,5,1698.94,2,0
18250,301,2,342.92,0,1
15270,16,9,2298.2,2,0
14188,9,10,2018.91,2,0
18017,81,3,523.0,2,0
15421,59,4,950.36,2,0
17446,177,2,120.90000000000002,0,1
12414,217,3,562.41,0,1
14798,53,3,173.74,2,0
12990,31,3,409.5000000000001,2,0
12350,310,1,334.40000000000003,0,1
16992,11,6,1601.8599999999997,2,0
17337,151,7,1944.32,0,1
16405,302,2,167.25,0,1
17071,9,14,2385.48,2,0
13873,120,4,381.7,2,1
17362,239,2,312.23,0,1
13394,2,10,2312.8,2,0
12502,96,5,3723.87,2,1
16333,8,22,26626.8,2,0
16030,310,1,331.24,0,1
14044,27,4,652.8199999999999,2,0
13800,310,1,558.32,0,1
17672,44,4,3106.62,2,0
12464,10,8,1212.05,2,0
13581,309,1,118.0,0,1
14540,10,3,996.26,2,0
13539,86,4,605.84,2,0
15885,93,3,379.35,2,1
14497,301,2,457.47,0,1
17507,262,2,605.58,0,1
13208,59,7,1205.9,2,0
17334,301,3,306.6,0,1
13871,23,14,6389.8,2,0
16938,9,5,1903.13,2,0
12754,236,5,2949.12,0,1
12410,301,3,681.0799999999999,0,1
17929,11,5,834.5,2,0
14778,127,2,730.8599999999999,2,1
17517,309,1,153.94,0,1
17226,309,1,393.49,0,1
13137,11,9,3605.08,2,0
13725,50,11,1809.81,2,0
13309,7,5,1456.79,2,0
12842,70,2,1118.99,2,0
16109,219,2,611.8800000000001,0,1
17291,308,1,550.8000000000001,0,1
15090,308,1,381.32,0,1
15199,59,4,1268.6999999999998,2,0
13911,57,9,2580.91,2,0
14194,5,32,11216.75,2,0
14842,35,8,2456.8,2,0
13584,307,1,142.4,0,1
17105,159,2,665.7799999999999,0,1
14438,306,1,131.9,0,1
12956,306,1,108.07,0,1
15781,25,4,333.56,2,0
14410,16,15,576.3,2,0
14600,306,1,393.33,0,1
17302,15,6,1119.9299999999998,2,0
17613,23,17,4509.370000000001,2,0
13334,82,3,3536.8200000000006,2,0
13955,154,2,322.96,0,1
17162,29,11,1707.21,2,0
17774,97,5,1215.46,2,1
13809,305,1,155.05,0,1
15407,34,4,1056.44,2,0
15577,151,3,258.88000000000005,0,1
16332,28,8,1583.1999999999998,2,0
14048,277,2,375.13,0,1
14475,72,6,799.8199999999999,2,0
17859,305,1,148.21,0,1
12576,36,6,1306.98,2,0
15753,305,1,79.2,0,1
12599,29,7,1032.5800000000004,2,0
14562,4,22,4709.220000000001,2,0
16951,123,4,1262.7500000000002,2,1
16998,150,6,287.02,0,1
13133,274,2,109.8,0,1
17881,304,1,133.35000000000002,0,1
15843,304,1,118.95000000000002,0,1
17083,109,3,1405.78,2,1
15970,304,1,314.1,0,1
13590,11,7,1976.12,2,0
17537,30,2,897.62,2,0
12401,303,1,84.3,0,1
12462,2,4,1124.0099999999998,2,0
17843,303,1,205.48,0,1
13706,303,1,330.79,0,1
17940,49,14,1983.5800000000004,2,0
17686,7,7,5739.460000000001,2,0
14431,299,2,397.7600000000001,0,1
15809,36,6,399.21,2,0
12561,303,1,238.85,0,1
14465,247,3,1058.62,0,1
18093,93,5,2083.42,2,1
16027,92,7,852.12,2,1
12857,211,2,1106.4,0,1
16425,302,1,302.69999999999993,0,1
16842,64,4,1260.44,2,0
15796,1,10,2666.6100000000006,2,0
14555,57,2,324.14,2,0
15114,30,10,2760.5599999999995,2,0
15133,128,3,982.4199999999998,2,1
17705,3,10,1781.12,2,0
18087,98,4,3770.12,2,1
12897,205,2,216.5,0,1
17512,29,11,2920.04,2,0
15550,4,4,575.6300000000002,2,0
14676,31,8,2543.24,2,0
12505,301,1,-4.5,0,1
18159,301,1,530.1500000000001,0,1
14304,223,2,197.1,0,1
15638,301,1,-94.0,0,1
12943,301,1,-3.75,0,1
13875,54,5,1786.79,2,0
15406,18,4,426.61,2,0
18084,16,2,87.52999999999999,2,0
17282,130,3,1703.4100000000003,2,1
16434,29,7,1522.2500000000002,2,0
17050,96,6,3228.84,2,1
13171,8,5,426.81,2,0
17472,191,3,710.29,0,1
17255,41,2,298.41,2,0
16084,299,1,436.18,0,1
17667,66,5,2055.51,2,0
12507,134,4,1258.06,2,1
14631,51,3,1006.98,2,0
13381,21,7,3626.81,2,0
15236,299,1,321.04999999999995,0,1
13475,191,4,1431.7800000000002,0,1
17829,299,1,889.24,0,1
13717,32,7,1432.2600000000002,2,0
13157,49,5,1721.57,2,0
14644,9,4,780.4599999999999,2,0
12993,23,4,414.75999999999993,2,0
17571,50,4,1498.51,2,0
16979,4,8,1809.05,2,0
16738,298,1,3.75,0,1
15122,85,6,1612.13,2,0
17612,53,10,1992.76,2,0
17348,15,5,1159.5199999999998,2,0
13893,298,1,821.1000000000001,0,1
14035,29,5,1428.0200000000002,2,0
13623,31,7,672.4399999999999,2,0
14346,121,2,1021.58,2,1
16431,213,3,642.8100000000001,0,1
12616,85,5,657.2499999999999,2,0
16317,120,3,1341.65,2,1
14935,297,1,1784.71,0,1
16073,292,2,94.35,0,1
14477,20,5,1307.8100000000002,2,0
14760,294,2,53.8,0,1
14897,8,4,1366.38,2,0
15810,79,7,1145.43,2,0
16509,297,1,363.7000000000001,0,1
14386,297,1,142.4,0,1
12455,73,6,2466.86,2,0
14530,26,6,2925.9100000000003,2,0
15670,297,1,173.05,0,1
12653,149,2,2209.85,0,1
16126,29,4,6287.77,2,0
14609,72,4,601.5600000000001,2,0
13414,134,3,1390.5,2,1
12823,75,5,1759.5,2,0
12352,36,11,1545.4100000000003,2,0
12372,72,3,1298.0400000000002,2,0
16494,297,1,826.5299999999999,0,1
14959,59,5,684.9699999999998,2,0
16148,296,1,76.32000000000001,0,1
17422,16,10,1853.13,2,0
17175,44,5,1430.94,2,0
18257,39,12,2265.380000000001,2,0
12362,3,13,5154.58,2,0
13018,16,29,7272.75,2,0
13718,246,2,306.55,0,1
15382,15,8,5927.860000000001,2,0
14754,45,2,638.05,2,0
13151,203,2,1250.3700000000003,0,1
12654,11,5,601.9799999999999,2,0
13085,158,3,272.38,0,1
15903,10,8,5126.34,2,0
15785,30,8,2303.7500000000005,2,0
18138,295,1,152.65,0,1
14379,44,2,348.1,2,0
14211,53,13,2208.3,2,0
14371,295,1,100.5,0,1
13425,108,3,1624.2100000000005,2,1
12852,290,2,299.75000000000006,0,1
15228,66,5,3376.96,2,0
13012,9,11,1311.6200000000003,2,0
16182,72,4,6617.65,2,0
13489,105,4,449.52,2,1
12714,9,5,4708.860000000001,2,0
13904,37,2,332.64000000000004,2,0
15755,1,8,2318.88,2,0
13932,295,1,307.4,0,1
13799,117,2,688.8600000000001,2,1
13951,176,3,674.4499999999998,0,1
16765,294,1,34.0,0,1
18172,15,25,7490.17,2,0
16566,15,6,614.01,2,0
12891,186,3,331.0,0,1
16466,34,7,1603.46,2,0
16115,10,8,1667.97,2,0
14162,174,2,289.36,0,1
13301,104,4,618.09,2,1
14803,162,3,845.55,0,1
13744,95,2,1156.36,2,1
12988,292,1,535.3200000000002,0,1
17323,15,9,908.99,2,0
12707,292,1,603.42,0,1
18094,82,7,3017.3,2,0
15129,50,11,3447.4,2,0
17361,49,3,488.2000000000001,2,0
18155,75,4,347.82,2,0
15321,49,4,2650.73,2,0
13477,38,8,1441.5300000000002,2,0
15065,38,6,3135.98,2,0
16980,255,2,1078.9600000000005,0,1
15146,165,3,1313.66,0,1
12365,291,3,320.68999999999994,0,1
13410,9,7,988.91,2,0
13044,291,1,560.47,0,1
16441,67,2,381.2,2,0
16014,36,4,653.1300000000001,2,0
14520,2,2,270.6,2,0
17994,122,6,629.69,2,1
13038,80,3,908.46,2,0
17002,73,4,1487.7800000000002,2,0
15722,36,6,2181.21,2,0
16349,291,1,53.5,0,1
16913,290,1,113.44,0,1
18114,290,1,220.1,0,1
15303,290,1,574.02,0,1
12845,267,4,354.09,0,1
18188,15,4,1998.49,2,0
16045,120,4,1340.7,2,1
16573,74,4,648.41,2,0
13421,40,3,1848.98,2,0
18196,95,2,689.1300000000001,2,1
13285,23,4,2709.1200000000003,2,0
13184,15,12,1648.79,2,0
18151,135,2,653.3499999999999,2,1
13804,31,7,2635.79,2,0
17499,290,1,622.88,0,1
15397,290,1,94.0,0,1
14276,88,5,1019.39,2,0
13453,166,2,356.98,0,1
16394,50,9,1412.0600000000002,2,0
17711,11,2,385.1,2,0
13865,58,4,501.56,2,0
16940,52,3,3049.88,2,0
14289,9,6,911.26,2,0
16208,45,2,664.26,2,0
17063,9,11,1421.59,2,0
13149,14,4,1676.0600000000002,2,0
18068,289,1,101.7,0,1
15932,4,11,2461.8500000000004,2,0
16692,256,2,1276.0,0,1
15590,289,1,-30.19,0,1
17171,289,1,224.91,0,1
18231,192,6,2066.17,0,1
14004,43,7,4582.639999999999,2,0
17139,16,15,10585.57,2,0
14513,101,4,438.49,2,1
13118,20,7,1125.0,2,0
15974,39,8,3429.55,2,0
17830,2,3,398.69999999999993,2,0
12565,282,2,131.17000000000002,0,1
12582,239,2,511.3599999999999,0,1
14231,179,5,822.0600000000001,0,1
17867,30,8,622.7500000000002,2,0
14880,77,3,706.1900000000002,2,0
15121,50,2,457.72,2,0
17117,288,1,116.2,0,1
12945,288,1,462.9500000000001,0,1
18056,288,1,363.65,0,1
16072,288,1,584.32,0,1
16838,197,3,582.9000000000001,0,1
15543,288,1,127.86,0,1
13751,288,1,296.25,0,1
15847,38,2,389.2699999999999,2,0
13851,96,3,2651.46,2,1
13501,243,2,1310.47,0,1
12633,59,5,2140.63,2,0
13345,277,2,377.6,0,1
13870,2,10,2751.2500000000005,2,0
17034,16,4,734.5699999999999,2,0
16592,4,19,4073.2800000000007,2,0
15712,9,5,1072.36,2,0
13362,3,5,3085.49,2,0
14470,12,2,461.19000000000005,2,0
17388,78,4,1259.5600000000002,2,0
16841,37,7,1774.62,2,0
13753,288,1,741.26,0,1
13666,60,3,84.65,2,0
12361,287,1,189.9,0,1
14481,165,2,636.51,0,1
13792,66,2,195.54999999999995,2,0
17663,26,9,1788.2700000000004,2,0
13973,287,1,264.7,0,1
15990,44,2,792.1100000000001,2,0
13493,275,2,618.63,0,1
13684,286,2,64.23,0,1
13261,269,2,944.1,0,1
16598,277,2,140.70000000000002,0,1
14147,49,3,468.4,2,0
15951,1,3,669.5699999999999,2,0
13971,9,11,2702.2200000000003,2,0
17516,15,5,768.08,2,0
13630,5,11,1995.68,2,0
14157,20,3,400.43,2,0
13636,37,6,941.62,2,0
13610,12,9,1115.43,2,0
14745,113,6,1167.1600000000003,2,1
12781,21,5,707.7200000000001,2,0
14036,285,1,626.65,0,1
16057,4,10,2140.22,2,0
15724,201,3,212.3,0,1
12458,71,2,947.4,2,0
12598,10,9,3002.6800000000003,2,0
13675,151,2,486.8200000000001,0,1
14227,26,15,3315.7100000000005,2,0
16668,15,6,306.72,2,0
16667,68,2,570.13,2,0
13509,9,7,979.72,2,0
15874,63,9,4330.67,2,0
16187,32,17,6841.24,2,0
16339,284,1,109.95000000000002,0,1
12509,284,1,176.5,0,1
14046,284,1,154.99,0,1
13292,39,2,578.9399999999999,2,0
16427,263,2,241.06,0,1
14056,1,29,8124.4,2,0
15656,45,4,748.5,2,0
12811,261,3,514.8499999999999,0,1
16518,61,3,480.9200000000001,2,0
17165,284,1,158.68,0,1
17462,51,3,662.9399999999999,2,0
14620,204,3,393.2800000000001,0,1
14740,191,4,1423.2099999999996,0,1
16462,64,4,102.0,2,0
12428,26,12,7877.2,2,0
16078,284,1,79.2,0,1
16915,9,6,621.6800000000001,2,0
15676,9,5,3324.09,2,0
15709,284,1,133.25,0,1
15241,67,9,1738.59,2,0
12933,24,4,606.28,2,0
15092,215,2,457.81,0,1
12679,52,9,1058.67,2,0
15319,284,1,204.5,0,1
16212,19,3,681.19,2,0
15257,281,2,232.15,0,1
14656,169,2,291.05,0,1
13884,7,6,781.3000000000002,2,0
12866,283,1,559.12,0,1
13166,282,2,414.7000000000001,0,1
16389,53,5,1362.2699999999998,2,0
15416,65,5,3974.37,2,0
15733,283,1,162.3,0,1
16678,3,17,3013.83,2,0
12834,283,1,312.38,0,1
13722,120,4,2369.16,2,1
14934,73,3,1888.84,2,0
15067,78,3,1744.76,2,0
16128,18,5,1880.22,2,0
17770,199,5,1143.2699999999998,0,1
15622,3,16,3224.53,2,0
14473,74,2,234.34,2,0
15104,167,3,1002.54,0,1
15643,179,6,647.4000000000001,0,1
16792,282,2,110.38,0,1
15031,4,4,668.1400000000001,2,0
15636,90,2,724.76,2,0
12873,282,1,374.0,0,1
17923,282,1,207.50000000000003,0,1
16217,235,4,259.39,0,1
17738,19,5,1863.35,2,0
17426,4,7,5022.26,2,0
16957,239,2,416.64,0,1
16571,3,5,1285.2199999999998,2,0
14483,150,2,129.2,0,1
15087,282,1,306.94,0,1
16709,85,5,3029.8700000000003,2,0
17856,2,6,1393.79,2,0
15053,5,3,697.7900000000001,2,0
18218,206,4,626.38,0,1
16159,282,1,348.2000000000001,0,1
17995,282,1,76.1,0,1
17374,219,2,495.7699999999999,0,1
17789,281,1,225.9,0,1
17416,30,9,6838.34,2,0
17652,25,18,4737.13,2,0
13476,179,4,1092.77,0,1
12817,281,1,166.04,0,1
15393,16,2,231.86,2,0
13014,3,16,3365.4300000000003,2,0
17508,281,1,387.31,0,1
13931,86,3,1230.93,2,0
12541,30,3,981.1800000000002,2,0
13382,281,1,222.99,0,1
15220,52,7,1758.9199999999998,2,0
14570,281,2,218.06,0,1
14447,19,5,1163.2300000000002,2,0
13557,28,2,584.06,2,0
16449,191,3,674.6900000000002,0,1
12547,198,2,207.8,0,1
17325,280,1,96.8,0,1
14995,39,2,233.23,2,0
16414,22,2,126.25,2,0
15681,18,6,946.36,2,0
14670,280,2,411.53,0,1
15675,81,3,323.69,2,0
12584,4,18,1893.9500000000005,2,0
17535,280,1,164.39999999999998,0,1
15400,92,6,666.7,2,1
14903,21,10,2744.48,2,0
14499,26,3,815.3199999999999,2,0
18211,26,5,600.07,2,0
14504,47,4,673.26,2,0
15572,5,7,2552.86,2,0
17107,33,7,10380.43,2,0
14247,278,1,136.76999999999998,0,1
15554,278,1,217.2,0,1
14915,86,3,258.83000000000004,2,0
16136,60,3,709.3800000000002,2,0
18280,278,1,180.6,0,1
12614,278,1,315.6,0,1
13344,68,3,2543.7200000000007,2,0
16621,52,4,813.4800000000001,2,0
16225,45,5,1096.3200000000002,2,0
14214,31,7,1000.23,2,0
14012,278,1,328.8,0,1
16356,198,4,210.32,0,1
17654,277,1,117.55,0,1
15026,80,3,469.0,2,0
16517,277,1,162.70000000000005,0,1
14817,200,2,1110.34,0,1
17092,50,4,1777.7800000000002,2,0
16242,8,8,3598.26,2,0
15869,277,2,149.64,0,1
17817,4,3,387.68,2,0
15234,277,1,197.00000000000009,0,1
15764,81,10,3245.47,2,0
15806,46,3,784.5799999999999,2,0
15819,49,4,1905.4500000000005,2,0
14586,227,3,134.16000000000005,0,1
15944,277,1,325.1,0,1
13340,45,7,10736.48,2,0
16917,277,1,391.52,0,1
14407,107,9,2111.08,2,1
13908,80,5,2347.05,2,0
12758,117,2,2791.59,2,1
13975,31,7,2503.23,2,0
14730,1,8,2005.06,2,0
12623,276,1,305.1,0,1
14367,8,19,9167.82,2,0
13373,61,3,3312.2500000000005,2,0
16712,9,11,3645.43,2,0
17639,276,1,108.5,0,1
16426,2,10,1908.25,2,0
16495,3,3,684.41,2,0
14336,17,4,1614.91,2,0
14507,24,7,1368.1799999999998,2,0
12759,52,3,1531.4400000000005,2,0
17049,3,11,5594.780000000001,2,0
15206,10,4,420.3,2,0
14013,110,3,473.02,2,1
14645,157,2,597.0899999999999,0,1
15071,94,2,982.07,2,1
14112,23,12,2774.17,2,0
13026,1,8,936.15,2,0
12881,276,1,298.0,0,1
17864,13,3,597.5,2,0
14936,9,9,8117.420000000002,2,0
17138,276,1,380.5,0,1
16572,127,4,999.7,2,1
14165,276,1,122.54,0,1
15367,57,5,1867.69,2,0
14291,2,12,3873.3,2,0
15632,16,10,3147.3100000000004,2,0
14297,18,6,1284.06,2,0
13899,16,2,388.52,2,0
16471,275,1,223.95,0,1
18183,218,6,600.5200000000001,0,1
14603,275,1,660.0,0,1
18173,87,4,2106.8400000000006,2,0
14854,78,8,2749.8900000000003,2,0
16625,275,1,333.08,0,1
14064,29,7,1188.32,2,0
15308,271,2,302.27,0,1
18086,274,1,101.34,0,1
14350,271,2,258.7,0,1
14930,109,3,2372.86,2,1
16080,82,3,176.60000000000002,2,0
14727,274,1,268.58,0,1
16778,74,2,245.94,2,0
14077,41,5,499.4200000000001,2,0
16808,99,2,288.42,2,1
16475,88,4,544.3,2,0
13265,53,5,2107.6600000000003,2,0
12520,79,6,2582.51,2,0
15049,274,1,121.17000000000002,0,1
18149,51,3,612.0799999999999,2,0
13654,43,6,2707.33,2,0
16652,54,11,6654.26,2,0
16766,273,2,1145.5999999999997,0,1
16801,163,5,867.83,0,1
17164,33,8,2466.4,2,0
13226,273,1,108.21,0,1
13043,254,2,471.5700000000001,0,1
14352,157,4,1078.9600000000005,0,1
17351,36,3,587.15,2,0
16768,48,5,458.04,2,0
16693,69,2,482.01,2,0
13956,5,5,1026.42,2,0
13708,271,1,296.88,0,1
15918,191,2,334.23,0,1
15671,19,10,2635.49,2,0
14962,271,1,126.70000000000002,0,1
16807,143,3,1121.59,0,1
15125,25,23,11117.05,2,0
16871,22,7,2761.49,2,0
12901,9,36,16293.1,2,0
13452,259,2,590.0,0,1
15493,33,7,1967.25,2,0
16005,12,4,615.3900000000001,2,0
15388,270,1,140.54,0,1
16804,23,3,536.99,2,0
13499,18,7,1146.96,2,0
15047,270,1,343.61999999999995,0,1
14193,68,2,853.3900000000001,2,0
17542,270,1,170.75,0,1
17080,22,3,285.5,2,0
16392,270,1,221.19,0,1
15106,18,7,1407.73,2,0
16214,171,3,1062.75,0,1
13716,269,1,138.28,0,1
15150,17,11,5303.969999999999,2,0
16061,269,1,-29.95,0,1
14226,29,7,2201.64,2,0
13121,269,2,254.73,0,1
16297,213,4,275.4000000000001,0,1
12994,4,5,902.22,2,0
16152,269,1,1829.04,0,1
14636,36,2,609.8500000000001,2,0
16040,65,3,1313.5500000000002,2,0
15793,9,4,948.96,2,0
13358,269,1,439.03,0,1
12849,31,2,1050.89,2,0
15182,154,2,622.8499999999998,0,1
13299,268,1,142.5,0,1
16383,75,2,668.3599999999998,2,0
15381,214,2,596.85,0,1
12597,19,5,3683.13,2,0
15030,72,2,518.28,2,0
12435,80,2,7829.890000000001,2,0
12955,1,14,4734.26,2,0
18189,78,3,1084.34,2,0
13946,79,3,561.57,2,0
17716,23,12,5505.79,2,0
13185,268,1,71.4,0,1
14840,268,1,62.85,0,1
13216,268,1,333.74,0,1
13650,17,7,1809.34,2,0
13533,183,3,270.79,0,1
13268,18,15,3167.6400000000003,2,0
15433,79,3,417.87,2,0
12937,15,4,1504.2700000000002,2,0
17603,50,5,-1165.2999999999995,2,0
16216,267,1,914.9299999999998,0,1
16377,267,1,676.2,0,1
16976,267,1,251.52,0,1
12514,267,1,1017.68,0,1
18210,2,6,2621.38,2,0
13631,100,12,3021.77,2,1
14422,1,6,4263.639999999999,2,0
15648,204,4,599.9,0,1
17725,16,14,3371.13,2,0
15861,12,9,3000.36,2,0
13072,267,1,177.14999999999998,0,1
15695,267,2,409.98,0,1
14110,4,13,5669.650000000001,2,0
14059,267,1,183.6,0,1
16672,2,23,8093.59,2,0
16511,22,3,950.26,2,0
16256,258,2,732.6300000000002,0,1
13591,65,3,1117.1299999999997,2,0
14066,267,1,152.55,0,1
15483,161,4,233.81,0,1
16626,1,20,4379.65,2,0
15019,267,1,265.99999999999994,0,1
18270,38,3,238.95000000000005,2,0
14315,21,7,2456.9800000000005,2,0
17921,64,4,826.52,2,0
14041,266,1,141.41,0,1
17060,266,1,234.24,0,1
16023,46,3,719.81,2,0
17133,16,7,4892.240000000001,2,0
12878,18,3,841.64,2,0
14155,266,1,118.75,0,1
17043,32,4,1735.18,2,0
13046,31,2,629.31,2,0
14633,266,1,344.9000000000001,0,1
12948,16,8,2053.7,2,0
15703,265,1,211.5,0,1
14071,4,9,1307.41,2,0
17134,107,2,425.0,2,1
17795,180,2,350.39,0,1
12902,265,1,138.67999999999998,0,1
16444,46,5,638.7700000000001,2,0
14232,32,8,2043.93,2,0
14693,265,1,172.9,0,1
12407,50,5,1708.1199999999997,2,0
16728,46,4,1054.67,2,0
16096,264,1,320.62,0,1
13985,4,16,7024.530000000001,2,0
13592,36,4,247.96,2,0
15140,52,8,2350.0,2,0
12843,66,9,1680.7600000000002,2,0
14408,11,7,2606.53,2,0
15408,264,1,267.18,0,1
15445,264,1,113.5,0,1
15452,30,3,538.7299999999999,2,0
14223,92,4,975.23,2,1
16619,254,2,204.41,0,1
14762,264,1,300.52,0,1
13934,264,1,922.1,0,1
15669,40,5,677.69,2,0
16384,90,2,584.5,2,0
18224,264,1,158.95000000000002,0,1
14245,176,5,1677.48,0,1
17678,264,1,298.11,0,1
15855,137,5,712.24,2,1
16036,87,2,758.9199999999998,2,0
17763,263,1,15.0,0,1
13262,263,1,200.29,0,1
17152,195,4,1503.5,0,1
14632,263,1,114.56,0,1
13900,183,3,740.9499999999999,0,1
14875,9,5,1448.72,2,0
15132,18,5,977.93,2,0
17272,42,5,2144.53,2,0
16135,263,1,517.5500000000001,0,1
12831,262,1,215.05,0,1
15437,262,1,200.16,0,1
16809,23,6,912.74,2,0
14711,10,12,2838.2,2,0
14377,191,2,617.05,0,1
16374,66,2,473.03,2,0
13196,11,4,1797.78,2,0
15457,262,1,237.07,0,1
12613,31,6,3218.98,2,0
16721,262,1,292.47,0,1
12399,119,4,1108.65,2,1
17733,39,2,692.1899999999999,2,0
17102,262,1,25.5,0,1
15410,84,8,3450.8400000000006,2,0
13239,262,1,329.56,0,1
15449,26,5,971.22,2,0
14870,262,1,327.24999999999994,0,1
13821,145,2,385.64,0,1
17096,9,7,992.68,2,0
12604,79,2,254.18,2,0
12818,178,2,1517.88,0,1
18191,262,1,207.8,0,1
14461,148,3,2103.0599999999995,0,1
13132,262,1,77.3,0,1
16859,106,5,473.14,2,1
15245,134,3,2515.84,2,1
17486,261,1,396.87,0,1
16308,38,4,2560.0,2,0
12564,261,1,456.9,0,1
14607,16,17,11341.1,2,0
13249,92,3,711.41,2,1
15644,166,4,812.9999999999999,0,1
14075,5,3,942.26,2,0
17250,4,2,384.52,2,0
17966,38,5,1098.4299999999998,2,0
14129,2,5,1123.86,2,0
15651,37,3,646.3,2,0
13035,58,3,886.6299999999999,2,0
13341,261,1,775.8499999999999,0,1
13512,261,1,251.21,0,1
16620,4,2,178.96,2,0
17698,261,1,154.95,0,1
14267,151,7,1279.09,0,1
13736,5,3,724.0,2,0
16022,260,1,628.2800000000002,0,1
14235,10,6,3093.86,2,0
16769,260,1,380.39,0,1
17754,1,6,1739.9199999999998,2,0
12408,33,9,2842.57,2,0
16063,260,1,335.32000000000005,0,1
15178,260,1,40.5,0,1
14348,260,1,409.57,0,1
15815,64,5,2100.6,2,0
13695,31,15,2504.13,2,0
17979,36,5,737.81,2,0
13139,16,8,5055.790000000001,2,0
12545,75,2,1000.39,2,0
14758,145,4,1484.06,0,1
14536,260,1,171.8,0,1
13662,86,7,879.08,2,0
17946,233,2,149.58,0,1
13743,3,8,1340.15,2,0
18078,217,2,336.13,0,1
16780,100,2,425.19,2,1
18273,2,3,204.0,2,0
15045,152,3,633.66,0,1
17625,18,4,2047.0,2,0
13357,257,1,609.95,0,1
16777,80,2,226.35,2,0
14476,257,1,215.7,0,1
16245,24,5,1352.36,2,0
12669,151,4,1607.73,0,1
12792,257,1,400.54,0,1
17765,159,3,371.88,0,1
15083,257,1,88.19999999999999,0,1
18010,257,1,174.79999999999998,0,1
15249,32,15,6657.36,2,0
13760,54,2,286.79,2,0
15624,117,4,588.13,2,1
17749,178,2,674.52,0,1
15068,46,2,553.36,2,0
14538,65,2,388.25,2,0
14851,23,2,511.3499999999999,2,0
14021,155,3,631.9000000000001,0,1
13037,138,3,881.07,2,1
18177,31,7,1314.17,2,0
14128,61,2,637.5000000000002,2,0
17874,185,7,658.2600000000001,0,1
17719,38,18,5367.8,2,0
17931,134,2,408.36,2,1
13803,255,1,277.07000000000005,0,1
17398,115,3,653.38,2,1
15906,20,8,1521.79,2,0
16253,32,3,3665.62,2,0
13439,255,1,283.71,0,1
12888,214,4,313.77,0,1
13588,16,13,2445.12,2,0
12456,44,4,3153.89,2,0
15521,36,13,2574.65,2,0
13720,117,4,799.9,2,1
15674,73,8,1744.0199999999998,2,0
17594,85,2,993.18,2,0
17775,255,1,56.4,0,1
13988,20,9,4098.8,2,0
16657,10,4,933.62,2,0
15424,254,2,383.34,0,1
13316,37,5,5815.49,2,0
16788,123,2,597.4799999999999,2,1
16584,80,3,908.03,2,0
15364,96,2,913.1900000000002,2,1
18108,249,2,264.65,0,1
14272,74,2,437.96,2,0
15980,89,3,2398.86,2,0
15832,254,1,836.7900000000001,0,1
16092,99,5,779.36,2,1
15528,254,1,229.33,0,1
16398,145,4,1631.15,0,1
17088,28,4,1991.01,2,0
17438,247,2,378.30000000000007,0,1
13060,254,1,307.53000000000003,0,1
14790,17,4,745.0600000000001,2,0
14890,254,1,125.65,0,1
16386,29,2,317.2,2,0
14818,74,3,657.8,2,0
13571,13,12,2092.32,2,0
12909,40,8,2128.83,2,0
12619,16,13,3214.8100000000004,2,0
16698,227,2,1998.0,0,1
16681,73,6,1770.34,2,0
13573,50,2,294.4,2,0
14957,253,1,58.49,0,1
13918,50,2,1212.8400000000004,2,0
17212,253,1,226.85,0,1
17781,159,2,188.02,0,1
14886,253,1,364.8,0,1
13626,253,1,257.23,0,1
16609,15,9,5450.960000000001,2,0
16180,100,10,10217.48,2,1
13462,183,2,143.25,0,1
18263,23,4,1211.08,2,0
16960,39,3,507.05,2,0
13841,253,1,85.0,0,1
17701,253,1,417.9500000000001,0,1
12949,31,10,4143.02,2,0
14852,58,6,2836.69,2,0
12569,2,35,4064.99,2,0
13169,64,2,712.88,2,0
16162,252,1,37.4,0,1
15691,252,1,136.8,0,1
14195,202,3,962.7,0,1
13781,251,1,127.84,0,1
17758,19,8,3456.7,2,0
14023,7,2,584.0699999999999,2,0
17669,43,7,3406.72,2,0
16142,250,1,535.3399999999999,0,1
17648,61,5,1789.5500000000002,2,0
13059,250,1,183.4,0,1
16224,57,4,1295.3,2,0
15223,226,3,454.8999999999999,0,1
17886,32,3,899.6099999999999,2,0
13294,190,2,873.74,0,1
15289,29,4,935.1,2,0
18185,249,1,304.25,0,1
17956,249,1,12.75,0,1
15756,61,4,532.96,2,0
14747,248,2,294.29999999999995,0,1
14719,2,6,1592.18,2,0
13015,53,5,3346.28,2,0
16586,249,1,463.95,0,1
16105,249,1,336.96,0,1
14546,4,9,2487.0200000000004,2,0
15442,249,1,594.0,0,1
16906,82,4,579.7700000000003,2,0
14535,59,4,2841.09,2,0
16170,51,7,1880.42,2,0
15244,65,2,631.5699999999999,2,0
16696,135,4,657.9000000000001,2,1
15145,4,4,1194.7300000000002,2,0
17492,248,1,374.57,0,1
13525,15,2,628.78,2,0
17409,185,2,771.8499999999999,0,1
17783,72,2,283.4699999999999,2,0
13863,245,2,299.55999999999995,0,1
13515,73,4,891.12,2,0
15917,248,1,123.1,0,1
17440,148,5,177.1,0,1
17045,113,3,339.43999999999994,2,1
17140,247,1,465.32,0,1
15201,79,11,927.84,2,0
14964,247,1,206.21,0,1
16031,92,2,548.94,2,1
14403,130,5,1426.31,2,1
17042,3,5,1044.38,2,0
13771,64,5,2631.7,2,0
17906,247,1,72.9,0,1
18272,3,7,3064.78,2,0
16144,247,1,175.2,0,1
13731,219,2,610.59,0,1
12580,247,1,415.7000000000001,0,1
14912,17,3,841.52,2,0
15530,22,4,1502.3500000000004,2,0
13950,11,5,728.5600000000001,2,0
13752,124,6,1186.28,2,1
13892,27,4,632.97,2,0
14446,1,4,1039.58,2,0
16209,89,5,2262.6199999999994,2,0
15754,51,4,455.67,2,0
13712,247,1,228.84,0,1
15800,107,2,699.0799999999999,2,1
16469,24,4,650.4300000000001,2,0
13005,174,3,468.9500000000001,0,1
14981,246,1,102.12,0,1
17928,45,2,212.54,2,0
16261,17,4,746.83,2,0
17883,3,4,671.77,2,0
14619,239,2,379.50999999999993,0,1
13995,15,6,1383.49,2,0
16643,246,1,487.51,0,1
14246,111,3,1474.0600000000002,2,1
18040,19,2,357.2,2,0
16837,31,12,3167.73,2,0
15119,246,1,266.4,0,1
16325,44,5,510.5400000000001,2,0
14924,246,1,310.05,0,1
15109,241,2,463.7500000000001,0,1
16623,246,1,129.45,0,1
12999,196,3,455.88,0,1
12717,151,3,980.98,0,1
13962,22,2,169.55,2,0
18036,32,3,405.62,2,0
14958,147,3,499.68,0,1
13562,82,3,1799.33,2,0
15775,245,1,104.9,0,1
17054,28,6,1353.8300000000002,2,0
17268,108,4,763.64,2,1
13548,96,2,682.4100000000001,2,1
13508,244,1,110.97000000000004,0,1
12447,243,1,476.49,0,1
13570,243,1,239.49000000000004,0,1
13232,13,7,1357.6,2,0
18129,243,1,112.55,0,1
13632,25,6,2117.02,2,0
15665,168,2,2242.01,0,1
17550,197,3,267.1600000000001,0,1
15655,233,2,511.3200000000001,0,1
14286,24,5,4595.81,2,0
16188,45,4,981.86,2,0
12656,17,8,3982.72,2,0
15214,2,8,1661.44,2,0
17574,243,1,185.65,0,1
15737,15,12,1121.21,2,0
18080,19,2,1231.5,2,0
14311,225,2,229.71000000000004,0,1
14339,235,4,289.91,0,1
12982,240,2,377.2000000000001,0,1
12701,80,2,797.71,2,0
12596,51,2,618.27,2,0
14273,51,4,559.97,2,0
12363,110,2,552.0,2,1
13549,26,8,916.12,2,0
15414,10,3,774.9,2,0
13203,10,4,869.4599999999999,2,0
14628,91,2,671.9599999999999,2,1
14326,235,2,166.85000000000002,0,1
15935,239,2,416.86,0,1
13655,114,2,932.97,2,1
12910,23,8,3075.0400000000004,2,0
13577,25,5,1658.3,2,0
15251,9,15,10327.11,2,0
14111,14,5,688.6,2,0
17160,31,6,3518.03,2,0
16172,95,5,1140.2100000000005,2,1
17972,242,1,136.04,0,1
12463,46,7,1303.63,2,0
14844,64,4,3189.8100000000004,2,0
17278,241,1,246.04,0,1
15212,239,2,88.94999999999997,0,1
16729,36,26,7076.28,2,0
14998,170,2,429.87,0,1
13484,241,1,313.8,0,1
16697,241,1,112.75,0,1
14931,5,6,964.68,2,0
18236,30,6,882.24,2,0
13740,241,1,350.75,0,1
16454,45,3,-8.15,2,0
15230,239,2,429.6,0,1
15134,15,8,1387.99,2,0
16309,92,3,686.67,2,1
13544,40,2,291.41,2,0
14262,8,8,2618.23,2,0
13134,73,7,1740.63,2,0
17589,60,4,2404.17,2,0
16097,240,1,185.05,0,1
13122,94,2,922.39,2,1
16966,8,10,2148.4700000000003,2,0
17746,235,2,98.8,0,1
16175,94,4,1037.59,2,1
14834,18,8,1698.35,2,0
16348,32,7,1469.45,2,0
15147,219,2,608.65,0,1
16131,52,6,3506.540000000001,2,0
15813,208,2,1303.91,0,1
17058,82,3,1179.89,2,0
17704,169,2,885.1899999999999,0,1
16933,1,5,530.08,2,0
13772,34,3,1132.13,2,0
16249,53,5,1800.0700000000002,2,0
14198,4,7,663.4999999999999,2,0
13989,66,2,1266.08,2,0
17930,36,5,1740.4799999999998,2,0
14154,239,2,1345.62,0,1
14482,18,6,2068.15,2,0
14163,87,4,2445.9100000000003,2,0
14105,85,2,1260.33,2,0
17601,239,1,116.01,0,1
17142,239,1,578.9999999999999,0,1
13811,184,4,591.75,0,1
12457,58,12,1917.78,2,0
15135,233,2,127.14999999999998,0,1
16806,103,4,801.4900000000001,2,1
13952,211,3,3246.091,0,1
13120,239,1,30.6,0,1
12769,239,1,1143.6,0,1
13516,21,3,1389.4100000000003,2,0
14323,115,4,574.26,2,1
18079,45,4,3651.9699999999993,2,0
12639,239,1,486.1,0,1
14700,32,3,2235.3,2,0
15027,31,6,1051.95,2,0
17367,238,1,168.39999999999998,0,1
18213,237,1,232.48,0,1
17029,111,2,716.0,2,1
13220,78,4,819.29,2,0
15985,123,3,1037.42,2,1
16193,237,1,314.45000000000005,0,1
15172,9,5,1624.05,2,0
13692,25,5,1466.8699999999997,2,0
15745,9,6,1071.24,2,0
17582,236,1,175.27,0,1
13474,236,1,229.59,0,1
17697,236,1,338.95000000000005,0,1
16639,25,4,1169.38,2,0
16947,236,1,406.48,0,1
15491,95,7,3090.85,2,1
16617,236,1,151.85000000000002,0,1
15265,151,2,1506.12,0,1
16226,203,3,255.12,0,1
18009,235,2,252.24,0,1
16399,19,2,408.57,2,0
14623,32,6,869.3499999999999,2,0
15625,100,8,1504.56,2,1
18064,133,2,814.0,2,1
15508,189,6,1000.27,0,1
16628,30,6,2183.0400000000004,2,0
13647,10,5,1670.22,2,0
15594,16,6,1767.53,2,0
13479,198,3,291.0,0,1
13735,25,8,2766.18,2,0
13376,99,3,1019.76,2,1
15717,234,1,150.3,0,1
13719,15,5,1041.68,2,0
16633,17,7,2878.15,2,0
13101,234,1,101.19,0,1
15225,234,1,409.4000000000001,0,1
14152,75,3,611.09,2,0
12733,234,1,383.9500000000001,0,1
15436,12,3,1122.5300000000002,2,0
17217,234,1,113.5,0,1
17734,54,3,700.63,2,0
14905,154,3,599.9,0,1
14148,234,1,157.2,0,1
16103,7,6,1429.64,2,0
14626,9,7,2757.07,2,0
14868,3,9,2939.6400000000003,2,0
18246,24,2,596.0999999999999,2,0
13485,233,1,454.24,0,1
15517,233,1,267.03000000000003,0,1
17115,8,5,806.8999999999999,2,0
17120,233,1,307.46000000000004,0,1
16611,186,2,120.99,0,1
15912,178,2,264.61999999999995,0,1
12506,233,1,73.50000000000001,0,1
12670,10,6,2986.15,2,0
17588,100,3,1240.2,2,1
14759,5,3,1625.97,2,0
16185,17,2,529.4100000000001,2,0
13505,68,8,4282.880000000001,2,0
13389,11,3,797.9599999999999,2,0
12354,232,1,1079.4,0,1
17631,2,3,528.3300000000002,2,0
17061,74,12,5116.129999999999,2,0
17718,232,1,139.35,0,1
17630,170,2,503.6,0,1
13223,200,2,163.20000000000002,0,1
16146,157,3,734.1299999999999,0,1
17109,29,8,869.6800000000001,2,0
16587,232,1,225.14999999999995,0,1
12622,232,1,180.09999999999997,0,1
16750,45,5,623.9300000000001,2,0
13482,232,1,184.64,0,1
14512,188,2,275.28,0,1
17670,228,1,205.7,0,1
16834,228,1,413.46,0,1
15108,142,5,1291.75,2,1
16942,13,10,1894.11,2,0
14640,16,8,2042.15,2,0
16823,227,1,358.37999999999994,0,1
15237,2,4,1412.3200000000002,2,0
12573,227,1,160.54,0,1
17854,185,2,311.26,0,1
18220,220,2,297.78000000000003,0,1
17436,2,2,216.3,2,0
16965,227,1,201.19,0,1
12840,144,6,2714.2700000000004,2,1
15891,227,1,524.52,0,1
17187,227,1,203.95,0,1
13637,52,3,810.5,2,0
17991,225,2,93.35,0,1
16418,45,3,675.2700000000002,2,0
16099,50,3,731.8999999999997,2,0
15768,116,4,581.8299999999999,2,1
16637,32,5,1124.59,2,0
14240,30,2,890.3400000000001,2,0
15143,226,1,259.45,0,1
13229,226,1,160.95,0,1
14973,107,3,1314.4499999999998,2,1
14271,226,1,112.32,0,1
15952,34,4,806.5699999999999,2,0
16227,219,2,308.32000000000005,0,1
17893,225,1,112.25,0,1
14022,225,1,440.0,0,1
15210,225,1,331.18,0,1
16370,82,4,1320.56,2,0
15376,40,3,1233.3599999999997,2,0
14655,4,5,1930.15,2,0
17615,130,3,329.6000000000001,2,1
16055,221,1,134.8,0,1
14149,213,3,259.43,0,1
17501,221,2,288.6,0,1
14191,2,14,4660.01,2,0
13282,18,6,1047.84,2,0
15582,25,3,682.9100000000001,2,0
16230,190,2,542.03,0,1
18146,141,2,160.35,0,1
15976,165,2,430.94,0,1
17443,220,1,534.24,0,1
12886,68,3,1351.09,2,0
17974,25,3,740.79,2,0
13524,41,5,680.1800000000001,2,0
17955,199,4,557.3,0,1
15128,60,8,1419.54,2,0
16610,219,1,75.66,0,1
17394,219,1,203.86999999999995,0,1
14173,11,4,450.8400000000001,2,0
16258,45,5,5203.510000000001,2,0
14948,23,7,1066.5700000000002,2,0
17384,19,2,336.4,2,0
16990,219,1,179.0,0,1
13762,204,2,-1.4210854715202004e-14,0,1
12593,109,3,418.0999999999999,2,1
14340,219,1,134.7,0,1
17429,121,4,512.12,2,1
13711,219,2,252.06000000000003,0,1
14515,18,6,2102.09,2,0
16457,218,1,208.36,0,1
17527,54,6,888.86,2,0
14199,218,1,185.4,0,1
13888,120,2,605.63,2,1
14423,218,1,265.2,0,1
14697,218,2,188.61,0,1
17522,2,5,1070.71,2,0
13867,31,3,1015.29,2,0
17624,15,2,843.48,2,0
14393,218,1,67.94999999999999,0,1
17578,191,2,124.73999999999998,0,1
13450,27,6,2043.72,2,0
17423,45,4,663.63,2,0
18241,10,18,2058.09,2,0
15668,218,1,76.32000000000001,0,1
16319,218,1,404.4,0,1
15757,66,2,714.4200000000001,2,0
17174,218,1,59.9,0,1
13365,9,3,2191.2200000000003,2,0
18227,218,1,93.75,0,1
14145,47,5,3148.2,2,0
18235,72,3,1796.4800000000002,2,0
13741,72,4,666.33,2,0
12394,64,2,1272.48,2,0
16832,184,3,199.15,0,1
15258,169,2,623.1600000000001,0,1
15552,217,1,90.12,0,1
18170,33,3,980.31,2,0
13723,217,1,199.85,0,1
14005,10,5,2874.72,2,0
15561,12,5,722.7399999999999,2,0
16121,57,2,867.1099999999999,2,0
18142,151,4,1014.9,0,1
13642,216,1,354.8,0,1
15117,15,6,1550.13,2,0
13561,216,1,141.86,0,1
15704,140,4,2293.62,2,1
16007,48,4,1701.94,2,0
16232,33,5,983.23,2,0
17410,16,5,1214.72,2,0
13835,25,4,834.57,2,0
13427,19,3,582.6,2,0
14353,215,1,90.6,0,1
12700,8,6,4867.99,2,0
13003,106,3,149.05,2,1
16756,215,1,239.40000000000003,0,1
13492,136,3,1269.84,2,1
16440,8,5,3640.67,2,0
18120,214,1,111.15,0,1
12355,214,1,459.4,0,1
17723,127,6,3276.4,2,1
14699,214,1,109.13,0,1
12821,214,1,92.72,0,1
13055,64,4,1201.96,2,0
13320,70,6,1491.7,2,0
16357,33,3,658.88,2,0
18242,72,4,2232.49,2,0
15865,41,3,895.13,2,0
17597,214,1,2044.37,0,1
14397,1,23,2556.68,2,0
13242,112,3,270.40000000000003,2,1
12684,8,7,2283.63,2,0
14288,212,2,413.85,0,1
15063,213,1,370.8,0,1
12592,92,2,437.6,2,1
14591,15,4,1447.14,2,0
13990,213,1,311.3,0,1
12749,4,8,3868.2000000000007,2,0
16320,172,2,1038.46,0,1
14691,31,5,2114.33,2,0
16229,87,2,1010.5999999999998,2,0
14920,213,2,977.77,0,1
17489,59,2,376.63999999999993,2,0
13404,1,2,252.49,2,0
15729,198,2,62.0,0,1
16644,178,2,833.78,0,1
14731,47,3,380.02,2,0
14277,15,4,3957.0,2,0
15187,2,18,4670.080000000001,2,0
13052,212,1,348.15000000000003,0,1
18133,211,2,715.4999999999999,0,1
17664,19,2,604.64,2,0
14649,5,4,1417.29,2,0
13235,212,2,101.1700000000002,0,1
14883,19,7,756.6400000000001,2,0
12976,212,1,738.6,0,1
14681,71,3,498.95,2,0
14421,57,2,813.1100000000001,2,0
16116,206,2,592.8800000000001,0,1
14988,212,1,334.54,0,1
15489,23,4,1090.03,2,0
14364,109,8,3717.35,2,1
16006,211,1,101.4,0,1
16184,64,7,1155.54,2,0
17932,29,3,1331.57,2,0
18221,22,6,1033.3100000000002,2,0
12590,190,3,9861.38,0,1
14853,9,3,463.05,2,0
17658,11,3,485.88,2,0
17764,51,2,818.82,2,0
14651,67,2,654.5999999999999,2,0
14000,206,2,633.71,0,1
13601,45,2,693.32,2,0
12757,16,19,4227.7,2,0
17970,211,1,582.59,0,1
12770,211,1,1351.4499999999998,0,1
15826,51,4,1649.36,2,0
15907,4,3,967.45,2,0
12695,7,4,582.1,2,0
14342,21,6,607.71,2,0
14873,210,1,519.6800000000001,0,1
14689,209,1,112.8,0,1
15440,55,3,383.68,2,0
16076,3,11,2173.53,2,0
15333,208,1,1028.56,0,1
16283,6,7,1531.51,2,0
17263,208,1,63.440000000000005,0,1
16877,12,6,853.7199999999999,2,0
12674,12,7,1919.31,2,0
16642,5,3,679.83,2,0
12871,84,2,380.64,2,0
14038,78,4,1554.4799999999996,2,0
14489,207,1,463.38,0,1
14888,207,1,369.2,0,1
17190,59,3,249.74,2,0
13456,18,7,1737.82,2,0
17898,85,2,152.06,2,0
13976,207,1,357.98,0,1
16139,19,3,635.4100000000001,2,0
15730,66,4,1108.38,2,0
16266,74,7,861.8899999999999,2,0
15123,7,2,2199.3100000000004,2,0
17505,162,2,1145.84,0,1
12690,206,1,389.01,0,1
16446,1,3,2.8999999999941792,2,0
17556,206,1,157.9,0,1
14583,6,5,1052.55,2,0
16818,11,13,3317.9700000000003,2,0
13572,206,1,1384.2499999999998,0,1
14009,198,3,685.9299999999998,0,1
13258,12,3,698.5799999999999,2,0
14463,98,3,529.62,2,1
13192,95,2,911.9400000000002,2,1
16987,3,7,1625.0500000000002,2,0
13417,5,2,640.83,2,0
17047,85,3,1100.9,2,0
15116,18,4,1352.75,2,0
17469,16,6,1843.06,2,0
16647,170,2,214.06,0,1
15630,45,3,1180.4,2,0
17245,205,1,171.45,0,1
16008,24,3,478.78,2,0
17871,205,1,155.90000000000003,0,1
13529,79,2,307.76,2,0
12620,15,3,1339.41,2,0
15599,27,2,761.74,2,0
16813,8,10,1692.98,2,0
14859,13,5,1352.0400000000002,2,0
16463,21,7,1383.6999999999998,2,0
15791,44,3,1604.4399999999998,2,0
13658,10,7,2421.47,2,0
13887,204,1,349.54999999999995,0,1
12353,204,1,89.0,0,1
14551,18,2,186.23,2,0
17166,39,3,189.49,2,0
17926,133,2,397.29,2,1
13391,204,1,59.8,0,1
17455,204,1,131.7,0,1
13308,23,4,1367.61,2,0
13856,169,5,363.4,0,1
13243,203,1,600.0700000000002,0,1
15095,104,5,1364.6999999999998,2,1
18048,203,2,172.29000000000002,0,1
18287,43,3,1837.28,2,0
18150,32,3,566.5800000000002,2,0
16690,44,3,208.63,2,0
13555,74,4,4149.280000000001,2,0
16038,8,4,454.33,2,0
13972,71,2,190.25000000000003,2,0
13227,202,1,257.7,0,1
13657,11,2,382.14,2,0
17176,202,1,306.13,0,1
14837,90,5,1641.2000000000005,2,0
14682,188,2,52.0,0,1
14921,30,2,1316.0700000000002,2,0
16341,25,6,1959.38,2,0
14647,201,1,243.22,0,1
12710,97,4,1130.5700000000002,2,1
15292,201,1,180.94,0,1
15705,201,1,143.10000000000002,0,1
13339,201,1,860.12,0,1
13885,189,2,506.8,0,1
12360,52,3,2662.06,2,0
13546,12,3,626.99,2,0
17715,201,1,326.4,0,1
18160,57,2,638.0600000000002,2,0
15434,8,6,997.48,2,0
15734,115,2,1339.45,2,1
13737,200,1,339.6,0,1
13213,57,6,1518.43,2,0
18018,108,2,122.14,2,1
15314,199,1,327.97,0,1
17521,24,4,721.96,2,0
15042,199,1,135.93,0,1
12863,52,2,504.2000000000001,2,0
16091,155,2,315.06,0,1
15804,1,19,3848.55,2,0
14593,22,3,617.99,2,0
14287,8,4,151.23,2,0
16763,185,2,594.9,0,1
14705,199,1,179.0,0,1
12562,8,7,3781.74,2,0
12815,148,2,1063.46,0,1
14522,24,4,974.54,2,0
16448,198,1,188.89,0,1
14584,169,5,1029.26,0,1
12974,198,1,144.8,0,1
12987,74,3,545.0,2,0
14816,197,1,271.85,0,1
15852,187,2,160.70999999999998,0,1
16624,81,2,810.5699999999999,2,0
12493,166,3,416.79,0,1
18232,82,5,582.47,2,0
18073,114,13,3864.44,2,1
16369,18,3,1553.66,2,0
14280,197,1,134.04,0,1
13135,197,1,3096.0,0,1
17345,15,4,537.7400000000001,2,0
16275,197,1,559.87,0,1
14338,158,4,554.2199999999999,0,1
15402,149,2,626.77,0,1
12876,58,2,2218.020000000001,2,0
16323,196,1,207.50000000000003,0,1
12426,195,1,582.73,0,1
14451,60,2,662.59,2,0
14823,180,3,321.42999999999995,0,1
15897,194,2,222.05,0,1
17051,194,1,247.14,0,1
15925,194,1,207.15,0,1
12787,10,3,463.66,2,0
15863,26,2,68.84,2,0
16483,192,1,139.35,0,1
13398,192,1,457.34,0,1
13070,192,1,228.8,0,1
14819,64,2,272.07,2,0
12790,192,1,324.9200000000001,0,1
15163,18,2,304.4699999999999,2,0
18204,71,4,1979.3,2,0
15124,23,2,184.19000000000003,2,0
12473,29,9,2848.23,2,0
16969,39,3,650.4100000000001,2,0
14597,11,2,883.1500000000001,2,0
13917,50,2,272.04,2,0
13062,191,1,346.98,0,1
16484,174,3,379.4000000000001,0,1
15184,29,2,406.76,2,0
18135,29,5,681.9100000000001,2,0
14453,190,1,119.93,0,1
17900,165,4,15.0,0,1
13437,14,7,3408.0600000000004,2,0
12517,28,6,2464.8900000000003,2,0
16529,190,1,455.25,0,1
17531,121,2,293.45,2,1
16239,57,3,372.9,2,0
14500,88,3,356.85,2,0
16117,190,1,232.21,0,1
13248,125,2,465.68,2,1
16967,189,1,319.02,0,1
15405,189,1,349.1,0,1
16659,189,1,39.12,0,1
16880,31,7,1519.0800000000002,2,0
13435,5,9,3794.49,2,0
13131,23,4,1039.3000000000002,2,0
14891,148,2,554.38,0,1
16682,5,5,1027.9999999999998,2,0
15453,2,7,1388.37,2,0
16963,187,1,110.55,0,1
13682,187,1,59.5,0,1
15152,10,16,4684.24,2,0
15462,94,3,234.6,2,1
12449,22,4,4067.29,2,0
15349,158,2,473.81,0,1
16849,187,1,124.57,0,1
12802,184,2,412.58,0,1
15073,10,4,612.4300000000001,2,0
16298,23,3,598.1999999999999,2,0
12535,92,2,716.35,2,1
18248,114,4,783.02,2,1
15386,186,1,394.14,0,1
17252,117,2,353.86,2,1
14542,186,1,103.25,0,1
16825,39,2,775.1800000000001,2,0
12380,22,5,2720.56,2,0
18072,155,2,8.881784197001252e-15,0,1
13643,31,3,519.44,2,0
15969,3,4,582.8999999999999,2,0
13283,60,2,93.66,2,0
17015,29,3,1842.56,2,0
14375,185,1,257.68,0,1
17124,185,1,298.89,0,1
17987,185,1,198.57,0,1
13395,185,1,307.72,0,1
17828,9,9,1599.9700000000005,2,0
15743,16,4,784.4600000000002,2,0
17414,44,2,778.0,2,0
14622,185,1,320.58,0,1
15609,183,2,270.03000000000003,0,1
14561,76,3,1080.76,2,0
16872,77,3,680.02,2,0
16358,1,5,2024.95,2,0
15238,29,5,1056.54,2,0
13466,100,2,297.95000000000005,2,1
17360,17,3,585.7900000000001,2,0
13510,1,5,1785.16,2,0
12406,22,3,3280.7500000000005,2,0
14241,184,1,213.70000000000005,0,1
14132,2,12,3580.13,2,0
14963,10,5,1487.8,2,0
17169,50,4,816.88,2,0
15252,36,2,740.78,2,0
17731,79,5,878.2000000000002,2,0
16113,183,1,161.38,0,1
12694,70,2,869.67,2,0
16107,18,7,3204.16,2,0
17483,65,3,414.04,2,0
15679,24,4,781.2800000000001,2,0
13686,183,1,72.0,0,1
16581,155,2,70.44,0,1
15267,22,5,1717.36,2,0
17234,183,1,149.89,0,1
17797,22,3,780.4300000000002,2,0
16614,183,1,506.19,0,1
12409,79,7,11056.93,2,0
15411,26,5,1346.38,2,0
14178,9,7,1620.9300000000003,2,0
15098,182,5,649.5,0,1
18281,181,1,80.82,0,1
14984,19,2,213.27,2,0
12516,78,2,1312.06,2,0
17265,139,2,562.9000000000002,0,1
13617,40,3,544.1800000000001,2,0
17242,108,2,1135.04,2,1
17289,32,4,936.16,2,0
16018,39,2,408.9,2,0
14704,11,9,1546.91,2,0
16794,1,12,1201.5099999999998,2,0
13761,50,2,1070.65,2,0
13517,60,5,2109.07,2,0
13936,171,2,361.2799999999999,0,1
16342,75,4,322.41,2,0
14177,85,5,554.46,2,0
12732,180,1,236.26000000000005,0,1
16205,31,4,761.38,2,0
15036,72,3,465.5499999999999,2,0
13589,15,2,379.65,2,0
17579,5,4,440.2,2,0
15069,179,1,1109.5300000000002,0,1
17349,179,1,110.75,0,1
13080,179,1,58.08,0,1
13663,179,1,189.47,0,1
14503,3,6,3543.26,2,0
16774,68,5,654.9200000000001,2,0
13384,31,9,4122.28,2,0
17101,10,4,1621.73,2,0
14997,46,4,540.98,2,0
17155,18,2,251.7,2,0
12809,168,2,484.36,0,1
16461,178,1,151.41999999999996,0,1
13343,173,2,303.93,0,1
12624,106,2,641.13,2,1
18165,177,1,302.46000000000004,0,1
17536,177,1,76.5,0,1
16324,128,3,428.68,2,1
17651,12,14,3886.67,2,0
14222,177,1,683.1700000000001,0,1
15585,177,1,455.3,0,1
17490,1,11,1926.88,2,0
16739,172,2,312.54999999999995,0,1
16276,177,1,810.6000000000001,0,1
17193,36,9,1674.46,2,0
16257,177,1,46.95,0,1
14285,21,4,1910.01,2,0
17642,120,2,712.29,2,1
12816,96,2,572.2,2,1
13826,158,2,174.65,0,1
13575,23,5,732.07,2,0
17157,8,3,306.54999999999995,2,0
16852,10,2,144.91,2,0
15219,176,1,305.75,0,1
15014,43,2,260.17,2,0
14765,29,3,254.11,2,0
16869,23,5,805.62,2,0
15909,174,1,191.94,0,1
13618,174,1,177.34,0,1
16050,174,1,137.89999999999998,0,1
17879,174,1,178.51999999999998,0,1
17562,14,8,1107.38,2,0
15334,157,3,351.67,0,1
12450,156,2,197.88,0,1
13568,173,1,192.85,0,1
14820,21,4,507.29,2,0
16744,11,7,1304.76,2,0
15700,172,3,664.0300000000001,0,1
17299,12,4,669.1099999999999,2,0
12837,173,1,134.1,0,1
15076,173,1,880.8499999999999,0,1
17444,148,3,2940.04,0,1
15921,173,1,336.03000000000003,0,1
15747,13,3,974.0399999999998,2,0
15840,59,3,345.66,2,0
15016,173,1,170.04,0,1
14808,40,15,2175.3700000000003,2,0
12904,18,2,509.58,2,0
15825,172,1,532.94,0,1
12432,43,5,5059.319999999999,2,0
15389,172,1,500.0,0,1
15280,172,1,113.12,0,1
17159,22,4,1534.73,2,0
12830,38,7,6748.400000000001,2,0
15507,172,1,492.36000000000007,0,1
18252,51,2,526.6700000000001,2,0
16526,172,1,290.36,0,1
17695,132,2,765.3400000000001,2,1
12930,78,4,409.9,2,0
14960,8,2,221.27,2,0
12444,21,5,5005.46,2,0
17960,171,1,73.78,0,1
15412,171,1,190.53,0,1
13763,63,3,1689.46,2,0
12798,10,3,6977.04,2,0
13849,52,2,1537.95,2,0
16114,171,1,135.75000000000003,0,1
13420,135,4,140.35,2,1
13780,7,2,360.01000000000005,2,0
17877,170,1,237.61,0,1
16247,170,1,114.56,0,1
15041,170,1,180.35,0,1
12379,82,3,850.29,2,0
16287,170,1,142.5,0,1
12919,8,8,1301.44,2,0
15130,170,1,330.11000000000007,0,1
12704,7,10,2220.84,2,0
17370,73,4,446.18,2,0
17709,170,1,137.45,0,1
15253,16,6,915.3,2,0
13300,165,2,365.29,0,1
17759,17,3,834.99,2,0
12465,8,3,733.89,2,0
12412,75,3,1226.88,2,0
12697,21,5,939.02,2,0
13937,169,1,158.85,0,1
12615,2,4,2291.19,2,0
15850,19,2,238.85,2,0
15186,14,2,411.41,2,0
13791,43,3,1047.68,2,0
14795,166,1,131.45,0,1
17768,8,3,2273.18,2,0
18112,12,2,352.69000000000005,2,0
12548,166,1,95.2,0,1
17386,8,6,2686.4200000000005,2,0
14104,155,2,216.21,0,1
17110,165,1,163.3,0,1
13895,21,5,2588.12,2,0
16545,165,1,339.3,0,1
16671,28,3,1692.27,2,0
14351,165,1,51.0,0,1
17391,164,2,508.8,0,1
16824,16,2,460.64,2,0
17750,5,9,1797.5700000000002,2,0
16200,4,2,1080.62,2,0
17997,74,12,1511.3000000000002,2,0
14383,38,3,1247.69,2,0
13461,39,3,1445.0000000000002,2,0
17408,163,1,32.65,0,1
15537,163,1,110.92000000000002,0,1
14327,163,1,311.65000000000003,0,1
17837,42,10,1560.5300000000002,2,0
12424,163,2,1760.9599999999996,0,1
15578,162,1,127.1,0,1
15584,24,5,722.61,2,0
13745,151,2,291.54,0,1
16498,161,3,86.12,0,1
17891,162,1,203.86,0,1
17123,162,1,345.29999999999995,0,1
16866,141,3,207.74,0,1
13730,136,2,752.6,2,1
16589,71,3,459.24,2,0
12922,161,1,405.38,0,1
16009,22,4,992.7100000000002,2,0
14053,124,2,260.25,2,1
17939,160,1,99.14,0,1
17312,139,3,644.3,2,1
13833,159,1,384.7999999999999,0,1
17899,159,1,155.79999999999998,0,1
15007,159,1,156.91000000000005,0,1
17464,158,1,289.96000000000004,0,1
18265,72,2,801.5100000000001,2,0
16344,158,1,101.1,0,1
13338,154,3,431.8200000000001,0,1
17024,45,3,95.85,2,0
14034,22,4,512.02,2,0
18203,157,1,160.42000000000002,0,1
16616,15,2,500.42,2,0
16338,157,1,214.8,0,1
17046,157,1,642.0199999999999,0,1
13109,3,5,766.84,2,0
16829,157,1,197.22,0,1
13217,122,5,133.62000000000003,2,1
14002,134,2,529.7299999999999,2,1
12977,156,1,39.24,0,1
13291,156,1,361.11,0,1
13583,156,1,781.03,0,1
16929,4,7,1295.39,2,0
17892,56,3,244.1,2,0
15505,53,7,3497.1400000000003,2,0
14459,155,1,1837.92,0,1
18013,155,2,187.29,0,1
13681,18,4,827.83,2,0
13699,155,1,308.58,0,1
14493,7,7,2362.84,2,0
13486,78,3,1122.41,2,0
13302,155,1,63.75,0,1
16012,35,3,1415.29,2,0
12635,90,2,1689.1800000000003,2,0
17031,12,2,380.35,2,0
12461,94,2,826.88,2,1
12648,155,1,318.04999999999995,0,1
18121,149,2,673.1,0,1
15901,17,3,363.88,2,0
14918,116,2,1610.1499999999996,2,1
15920,154,4,167.5,0,1
17353,129,2,1740.0,2,1
18024,153,3,236.78,0,1
15467,9,4,511.88000000000005,2,0
16174,126,3,1009.55,2,1
13678,152,1,232.6,0,1
14690,44,3,358.61,2,0
13058,25,3,271.4,2,0
14552,152,1,165.07,0,1
12556,50,2,603.7099999999999,2,0
13224,60,3,2150.8499999999995,2,0
16989,7,6,1133.25,2,0
12358,2,2,1168.06,2,0
13207,15,2,250.26,2,0
18122,8,6,1826.21,2,0
12722,85,6,904.33,2,0
17405,1,5,967.2199999999998,2,0
13311,4,2,598.57,2,0
15051,23,3,1391.61,2,0
15895,150,1,179.17000000000002,0,1
15795,150,1,610.01,0,1
13669,51,2,218.55,2,0
16450,150,1,311.92,0,1
13667,149,1,305.0199999999999,0,1
14400,141,2,559.6999999999999,0,1
12405,149,1,1710.3900000000003,0,1
14265,109,2,530.18,2,1
14847,149,1,309.4,0,1
14862,26,2,841.2,2,0
16488,33,4,492.2000000000001,2,0
15256,149,1,98.45,0,1
14716,43,2,329.67999999999995,2,0
13933,109,2,608.7899999999998,2,1
14857,60,3,1165.65,2,0
15306,64,3,1174.35,2,0
15839,25,5,1020.74,2,0
13994,4,6,2313.1400000000003,2,0
17554,1,5,1952.45,2,0
14332,23,3,866.3100000000001,2,0
17266,2,3,310.64,2,0
17948,147,1,358.56000000000006,0,1
15004,147,1,1246.3200000000002,0,1
14722,147,1,187.92,0,1
13507,3,4,2479.16,2,0
13967,146,1,80.7,0,1
16054,145,1,783.9000000000001,0,1
12833,145,1,417.38,0,1
16474,7,11,1811.47,2,0
17984,145,1,152.68,0,1
12589,29,2,646.6800000000001,2,0
17448,145,1,-4287.63,0,1
16762,20,3,1501.38,2,0
15369,144,1,-1592.49,0,1
13154,144,1,-611.86,0,1
13940,17,4,839.14,2,0
14029,63,2,467.66,2,0
14117,144,1,90.0,0,1
13167,19,4,791.3299999999999,2,0
17779,21,5,642.17,2,0
13991,12,7,850.6300000000001,2,0
18101,11,2,223.65,2,0
17065,143,1,-112.35,0,1
13827,58,3,412.05,2,0
12560,5,4,2101.3900000000003,2,0
16764,4,18,2758.25,2,0
18180,5,6,1843.7500000000005,2,0
12521,143,1,599.68,0,1
17866,143,2,325.7,0,1
15802,143,3,-451.42,0,1
17229,96,2,318.76000000000005,2,1
14456,5,14,3047.63,2,0
16464,20,3,1314.68,2,0
17962,142,1,102.83,0,1
16149,5,2,280.52000000000004,2,0
14259,142,1,120.0,0,1
18143,117,2,1000.16,2,1
17935,138,2,145.79000000000002,2,1
14517,33,2,330.45000000000005,2,0
17694,142,1,283.12,0,1
17660,141,1,196.0,0,1
16041,31,3,3166.4,2,0
15623,141,1,301.03,0,1
15829,99,2,636.1399999999998,2,1
15232,113,2,612.0600000000001,2,1
12438,14,2,2906.8500000000004,2,0
12627,11,7,4478.530000000001,2,0
13079,4,5,220.1,2,0
18262,140,1,149.48,0,1
13563,84,2,777.53,2,0
15506,23,3,979.26,2,0
16305,139,1,361.2199999999999,0,1
12864,138,1,147.12,0,1
17724,58,4,995.65,2,0
17703,35,3,798.74,2,0
13116,117,2,485.19,2,1
14019,47,4,1398.9599999999998,2,0
17649,135,2,861.74,2,1
16178,138,1,197.9,0,1
17040,138,1,449.73,0,1
14100,138,1,194.90000000000003,0,1
16557,24,2,281.85,2,0
13296,137,1,87.4,0,1
13814,56,3,1562.12,2,0
16364,12,2,707.0399999999998,2,0
17693,136,3,187.02,2,1
15372,137,1,2007.4,2,1
15618,33,5,747.0310000000001,2,0
13930,58,2,337.34,2,0
13379,26,3,572.56,2,0
13194,136,1,60.7,2,1
16447,136,1,259.01,2,1
14305,71,5,1803.76,2,0
12397,36,2,2409.9000000000005,2,0
14331,124,2,462.66,2,1
15261,135,1,254.82,2,1
15105,18,7,2298.9300000000003,2,0
13813,40,5,1353.41,2,0
18268,134,2,0.0,2,1
14855,119,2,645.65,2,1
13925,36,6,616.65,2,0
18237,3,5,987.1,2,0
12453,134,1,707.0899999999999,2,1
15639,134,1,425.32,2,1
15118,134,1,244.8,2,1
15746,134,2,182.96000000000004,2,1
12743,134,2,546.4300000000001,2,1
15942,134,1,337.43999999999994,2,1
14143,134,1,115.8,2,1
15120,130,2,343.8199999999999,2,1
16147,134,1,375.0,2,1
13277,16,4,258.4,2,0
18127,19,3,348.73,2,0
15149,134,1,520.8,2,1
18081,36,3,343.45,2,0
14511,11,6,1267.4100000000003,2,0
12716,4,2,1053.4900000000002,2,0
15776,133,1,241.62,2,1
12981,30,2,372.2199999999999,2,0
13106,129,2,59.5,2,1
13928,11,4,464.57,2,0
14885,132,1,765.3199999999999,2,1
13388,121,3,627.15,2,1
15438,131,1,156.57999999999998,2,1
17173,5,9,3755.65,2,0
17941,131,1,304.56,2,1
14947,72,2,290.82000000000005,2,0
17053,129,2,496.38,2,1
12534,131,1,1089.18,2,1
12844,29,2,325.96,2,0
14567,35,3,1524.46,2,0
14937,57,4,1617.63,2,0
12828,3,6,1018.71,2,0
16984,78,5,4392.42,2,0
13023,64,2,689.9000000000001,2,0
17553,130,1,1487.6,2,1
13075,130,1,919.61,2,1
15342,116,2,391.76,2,1
12644,130,1,477.91,2,1
12378,130,1,4008.62,2,1
17788,74,2,1117.9,2,0
13850,88,2,1586.8100000000002,2,0
14076,129,1,122.47,2,1
13805,52,2,924.6,2,0
17887,129,1,111.35,2,1
13186,40,5,1539.69,2,0
12750,129,1,275.88,2,1
15374,129,1,168.0,2,1
17656,73,5,1674.6900000000005,2,0
16102,42,3,1842.14,2,0
15089,10,6,2420.84,2,0
14972,128,1,114.77,2,1
17514,128,1,208.65,2,1
12917,128,1,594.0,2,1
12689,26,2,1247.61,2,0
14768,17,3,139.50000000000003,2,0
17584,7,3,1227.3000000000004,2,0
15254,127,1,300.36000000000007,2,1
18099,127,1,168.31,2,1
15205,85,3,648.8299999999999,2,0
13218,127,1,62.64,2,1
17267,127,2,317.61999999999995,2,1
16302,108,2,212.82,2,1
13513,127,1,205.1,2,1
14720,6,3,663.8100000000002,2,0
18282,8,3,176.6,2,0
12610,23,7,2057.99,2,0
13200,19,4,870.0900000000001,2,0
14079,125,1,375.0999999999999,2,1
17298,101,2,498.42,2,1
14024,122,2,327.70000000000005,2,1
16066,17,5,1521.8700000000003,2,0
15198,92,2,193.64,2,1
12885,63,4,1158.27,2,0
17331,124,1,175.2,2,1
13016,73,3,789.8899999999999,2,0
13500,23,4,1136.77,2,0
15247,122,1,356.0,2,1
13355,122,1,674.7,2,1
16053,33,2,1511.9500000000005,2,0
13919,53,3,350.16,2,0
12384,29,3,566.16,2,0
16292,117,2,280.90000000000003,2,1
12571,40,2,519.61,2,0
14116,20,5,1382.7399999999998,2,0
14495,51,2,123.79999999999998,2,0
15494,21,2,1299.23,2,0
15608,28,4,1093.68,2,0
17248,120,1,318.65000000000003,2,1
17653,29,5,1175.88,2,0
13645,120,1,252.1,2,1
15469,43,4,504.50000000000006,2,0
13307,120,1,15.0,2,1
12381,5,6,1803.96,2,0
17122,119,1,138.32,2,1
14406,119,1,156.75,2,1
15683,117,1,193.75,2,1
14301,108,2,632.04,2,1
14658,5,2,247.15,2,0
13621,117,1,213.85,2,1
16272,117,1,411.7,2,1
17958,117,1,508.4599999999999,2,1
16836,40,2,251.87,2,0
16961,116,1,234.17,2,1
16902,116,1,1706.88,2,1
15706,60,7,1001.81,2,0
15480,116,1,905.5,2,1
15315,64,3,551.54,2,0
15653,93,2,877.4399999999999,2,1
13159,9,5,1379.75,2,0
13189,19,2,260.67999999999995,2,0
17637,31,2,547.0600000000001,2,0
12641,115,1,185.9,2,1
13470,99,2,165.0,2,1
15786,44,5,4834.200000000001,2,0
15541,114,1,85.13,2,1
16734,52,3,650.51,2,0
16706,37,3,531.3499999999999,2,0
17070,114,1,312.14,2,1
12688,114,1,4873.81,2,1
12729,114,1,453.0100000000001,2,1
12962,7,2,266.39,2,0
13273,113,1,138.98,2,1
17736,9,4,337.49,2,0
15472,113,1,371.5600000000001,2,1
12680,1,4,862.8100000000002,2,0
16582,113,1,313.61999999999995,2,1
17747,100,2,64.65,2,1
12513,85,2,586.7900000000001,2,0
15396,113,1,288.17999999999995,2,1
12418,113,1,668.58,2,1
16828,93,2,128.5,2,1
14712,29,3,917.07,2,0
12991,23,2,503.7600000000001,2,0
14772,112,1,139.26,2,1
12364,8,4,1313.1,2,0
12968,112,1,135.95,2,1
16330,18,4,242.21,2,0
14566,111,1,1432.0,2,1
15701,2,4,1542.14,2,0
12518,1,5,2056.89,2,0
14529,60,3,620.04,2,0
16536,107,2,539.02,2,1
15313,110,1,52.0,2,1
15801,46,4,1042.1899999999998,2,0
16201,3,5,1821.52,2,0
16555,35,2,285.89,2,0
16952,109,2,167.61,2,1
14387,33,3,1770.5600000000002,2,0
17073,18,4,1446.09,2,0
18147,46,2,179.33999999999995,2,0
14523,108,1,241.09,2,1
14418,4,3,1937.25,2,0
12642,25,3,1013.26,2,0
16968,4,2,439.43,2,0
16723,91,2,589.1499999999999,2,1
13411,107,1,213.55,2,1
16340,107,1,549.07,2,1
13236,25,3,727.2700000000001,2,0
14196,107,1,335.52,2,1
15263,107,1,156.50999999999996,2,1
14314,107,1,120.0,2,1
16093,107,1,17.0,2,1
17844,107,1,51.56,2,1
14687,107,1,628.3799999999999,2,1
14050,32,2,746.3599999999999,2,0
16429,106,1,284.55,2,1
14055,106,1,725.6400000000001,2,1
12715,106,1,353.86,2,1
15663,106,1,138.14,2,1
18200,106,1,163.8,2,1
18167,4,6,1355.51,2,0
13644,9,5,2597.5200000000004,2,0
17451,1,10,1648.95,2,0
16641,106,1,231.1,2,1
13812,42,3,539.0,2,0
14141,3,6,879.03,2,0
15074,105,1,748.87,2,1
12492,63,2,263.21,2,0
17183,8,8,3286.91,2,0
15325,104,1,162.29000000000002,2,1
13778,103,1,178.7,2,1
14869,4,3,721.95,2,0
14096,4,34,57120.91,1,0
14108,31,3,594.1600000000001,2,0
12814,102,1,125.92,2,1
15866,101,1,230.53,2,1
14660,87,2,285.73999999999995,2,0
13726,39,2,1079.66,2,0
15690,4,2,239.76,2,0
17777,25,3,665.8600000000001,2,0
16278,23,3,537.8299999999999,2,0
13276,64,2,590.93,2,0
12436,100,1,509.0100000000001,2,1
13147,10,4,712.8000000000001,2,0
13045,99,1,305.28,2,1
13099,99,1,207.36,2,1
12739,78,2,1013.04,2,0
14420,85,2,385.87,2,0
14436,99,1,89.06,2,1
18027,99,1,115.31,2,1
12794,53,2,860.41,2,0
12832,32,2,383.03,2,0
16674,55,2,319.61,2,0
12375,3,3,455.42,2,0
16173,16,7,1406.5700000000002,2,0
14171,98,1,363.79,2,1
13434,74,2,534.24,2,0
16761,97,1,316.62,2,1
14067,64,2,374.7,2,0
13808,6,5,1747.6600000000003,2,0
12851,97,1,135.18,2,1
14335,16,2,468.25999999999993,2,0
14965,96,2,599.0,2,1
15136,3,5,1282.45,2,0
16629,74,2,417.73,2,0
18261,43,2,324.24,2,0
15307,96,1,205.3,2,1
16820,96,1,497.61,2,1
17309,95,1,82.75,2,1
13949,3,6,2427.32,2,0
14360,32,4,2128.2300000000005,2,0
16400,95,1,303.93,2,1
14208,95,1,151.73999999999998,2,1
12526,1,3,1316.6600000000003,2,0
13130,94,1,64.0,2,1
13210,94,1,353.48,2,1
17481,4,5,1249.34,2,0
12685,28,6,2863.08,2,0
17573,29,4,362.9,2,0
14452,11,2,264.44,2,0
13889,93,1,416.9,2,1
15488,93,1,91.32,2,1
18222,93,1,443.0,2,1
13244,93,1,121.74,2,1
17004,46,2,1412.9400000000005,2,0
13441,92,1,296.64000000000004,2,1
13823,19,2,957.66,2,0
12879,45,4,552.57,2,0
16603,75,2,482.47,2,0
14824,10,4,1127.7100000000005,2,0
16910,4,8,1510.06,2,0
15652,91,1,337.74,2,1
16362,32,9,652.07,2,0
15035,90,1,252.73,2,0
14508,22,2,276.42,2,0
13272,31,2,276.56000000000006,2,0
17317,46,5,2524.0200000000004,2,0
14212,90,1,1070.48,2,0
13372,90,1,378.63999999999993,2,0
18255,89,1,103.3,2,0
14250,7,3,1904.05,2,0
16796,89,1,305.61999999999995,2,0
14432,10,6,2255.51,2,0
15782,10,4,2593.9400000000005,2,0
12883,25,4,703.47,2,0
12965,89,1,771.91,2,0
15533,19,5,746.9200000000001,2,0
18215,89,1,299.34,2,0
18158,9,3,451.75,2,0
13375,81,2,772.9,2,0
13431,67,2,1269.1,2,0
16211,81,2,542.77,2,0
12884,88,1,309.05000000000007,2,0
16141,88,1,620.4,2,0
17919,88,1,1304.0400000000002,2,0
16360,5,8,3411.69,2,0
17433,88,1,303.16,2,0
13704,5,10,2295.3100000000004,2,0
14020,17,2,642.8000000000001,2,0
14359,19,6,882.5799999999999,2,0
16451,88,1,266.97,2,0
12940,46,4,876.29,2,0
15216,88,1,96.6,2,0
15522,33,2,398.84,2,0
17037,78,2,1253.2199999999998,2,0
12822,71,3,918.98,2,0
15343,87,1,364.5,2,0
14753,87,1,563.1499999999999,2,0
16959,87,1,117.35,2,0
18251,87,1,4314.72,2,0
13032,39,3,996.5200000000002,2,0
12895,42,3,347.3,2,0
17640,87,1,621.6600000000001,2,0
13860,1,6,1240.0000000000002,2,0
12756,87,1,112.08,2,0
18001,12,2,417.23,2,0
17728,4,5,2515.6800000000003,2,0
15933,21,3,1107.4600000000005,2,0
14284,31,3,578.45,2,0
17347,86,1,228.96,2,0
15103,31,2,703.3599999999999,2,0
15707,35,4,945.5799999999998,2,0
13430,19,4,648.6899999999999,2,0
12566,73,2,346.7,2,0
13321,72,2,567.36,2,0
13877,86,1,117.24,2,0
15272,57,2,721.94,2,0
15322,64,2,602.97,2,0
17333,86,1,494.25,2,0
13518,86,1,659.4399999999998,2,0
14306,51,3,2083.42,2,0
17679,53,2,1992.11,2,0
16160,64,4,1009.4500000000004,2,0
15573,32,2,607.45,2,0
14894,85,1,655.7499999999999,2,0
17434,2,9,2333.42,2,0
15466,85,1,334.53000000000003,2,0
15511,12,5,909.23,2,0
17846,85,1,2033.1,2,0
16189,16,2,215.48,2,0
15417,85,1,508.80000000000007,2,0
12995,78,2,200.72,2,0
14557,64,2,0.0,2,0
16108,85,2,816.1,2,0
17144,1,2,984.57,2,0
16924,21,4,739.5,2,0
15099,84,1,410.48,2,0
13323,3,5,787.8499999999999,2,0
14124,84,1,419.58,2,0
15975,84,1,371.01,2,0
15523,84,1,412.01,2,0
16878,25,2,0.0,2,0
15947,83,1,1708.24,2,0
13247,18,4,501.12,2,0
13566,41,2,874.71,2,0
18194,64,2,895.9999999999999,2,0
16689,76,3,303.26,2,0
16438,6,5,798.35,2,0
13067,82,1,115.46,2,0
16460,28,3,814.72,2,0
13325,82,1,675.3,2,0
12640,24,3,1174.58,2,0
13774,82,1,345.0,2,0
12497,82,1,1043.1,2,0
12752,81,1,4366.780000000001,2,0
15504,81,1,52.83,2,0
15500,8,4,1131.5600000000002,2,0
17557,14,3,541.4599999999999,2,0
13228,81,1,358.0,2,0
14356,60,4,666.9399999999999,2,0
13416,44,2,712.5,2,0
17628,81,1,75.75000000000001,2,0
16527,81,1,228.06000000000003,2,0
16428,81,1,-2.95,2,0
15341,81,1,2020.52,2,0
16215,81,1,242.35,2,0
14164,71,2,1631.7700000000004,2,0
15888,80,2,141.26999999999998,2,0
17564,24,3,454.01,2,0
13356,80,1,768.2400000000001,2,0
12390,80,1,549.84,2,0
18228,50,3,769.2,2,0
17415,80,1,507.8399999999999,2,0
13350,16,3,910.72,2,0
12550,79,1,964.83,2,0
16627,79,1,322.80000000000007,2,0
17475,79,1,194.36999999999995,2,0
14951,79,1,311.69000000000005,2,0
14780,55,2,447.68,2,0
14887,79,1,1862.0,2,0
15399,1,3,815.77,2,0
17466,10,2,763.28,2,0
16379,4,5,2131.9000000000005,2,0
17172,75,2,313.26,2,0
15239,10,3,764.34,2,0
16213,79,1,159.0,2,0
15603,79,1,48.48,2,0
14261,51,2,1163.45,2,0
12657,11,5,1152.06,2,0
15571,12,4,650.4300000000001,2,0
15484,1,5,3563.1100000000006,2,0
12936,17,5,1012.9,2,0
16236,78,1,432.19999999999993,2,0
16669,24,4,1370.87,2,0
15398,16,3,1339.63,2,0
12906,12,5,2919.81,2,0
17079,78,1,118.8,2,0
14125,11,3,2740.4300000000003,2,0
17163,22,2,293.1,2,0
12952,6,5,1382.84,2,0
12579,73,3,410.72,2,0
13279,64,2,126.3,2,0
12425,78,1,777.1999999999999,2,0
16715,78,1,301.72,2,0
13519,50,2,110.8,2,0
12546,47,3,1141.5,2,0
15744,78,1,34.8,2,0
13127,78,1,259.17,2,0
15714,12,2,330.87999999999994,2,0
17480,74,2,506.51,2,0
15763,32,3,1048.67,2,0
15075,78,1,773.03,2,0
16978,78,1,344.3299999999999,2,0
14014,77,1,505.18,2,0
16240,8,5,3693.81,2,0
13336,77,1,795.1200000000001,2,0
14652,77,1,114.18,2,0
15807,50,3,903.9,2,0
15762,65,2,583.75,2,0
15475,77,1,454.11,2,0
15978,77,1,1098.78,2,0
16485,77,1,363.65,2,0
12488,10,3,1298.6600000000003,2,0
13083,4,2,303.75,2,0
16169,8,4,1822.9700000000005,2,0
17506,70,2,294.29,2,0
16480,76,1,769.29,2,0
17006,5,4,781.78,2,0
17498,76,1,272.22,2,0
17131,5,5,2463.17,2,0
13536,1,7,3448.29,2,0
15429,27,3,364.9,2,0
17154,75,1,329.34,2,0
16594,75,1,181.09,2,0
16049,40,3,1111.79,2,0
14757,75,1,420.50000000000006,2,0
16198,75,1,400.681,2,0
13670,75,1,349.7,2,0
18066,75,1,318.0,2,0
14806,75,1,193.39,2,0
12783,2,8,1603.87,2,0
13429,11,4,1006.7999999999998,2,0
15154,74,2,240.27,2,0
13390,75,1,544.08,2,0
12925,5,2,694.05,2,0
13927,75,1,348.99000000000007,2,0
18205,36,2,517.3599999999999,2,0
14908,74,1,277.79999999999995,2,0
13639,74,1,1033.34,2,0
15958,74,1,104.35,2,0
15492,28,2,659.4599999999998,2,0
15243,74,1,316.68,2,0
16468,74,1,74.9,2,0
15344,1,5,476.58,2,0
13866,74,1,145.67,2,0
12612,58,2,643.59,2,0
16999,23,2,484.82,2,0
13514,74,1,152.20000000000002,2,0
13314,2,4,578.6600000000001,2,0
17805,74,1,512.31,2,0
18278,74,1,173.89999999999998,2,0
13979,73,1,869.8699999999998,2,0
16181,73,1,305.5400000000001,2,0
15568,3,3,758.29,2,0
16354,63,2,395.8,2,0
14412,35,3,761.33,2,0
16119,8,2,423.36,2,0
14109,23,2,80.19999999999999,2,0
16157,16,4,644.2399999999999,2,0
15348,72,1,158.04,2,0
16281,72,1,2062.0600000000004,2,0
13924,2,11,1682.08,2,0
14434,22,6,1372.8,2,0
13061,72,1,248.61,2,0
17513,72,1,513.2,2,0
16909,64,2,364.14,2,0
16650,72,1,518.4200000000001,2,0
18192,72,1,957.97,2,0
17447,40,2,541.53,2,0
17427,72,1,100.8,2,0
15175,72,1,224.14000000000004,2,0
13960,21,2,230.22,2,0
17528,1,11,3540.0999999999995,2,0
16361,10,4,896.6600000000001,2,0
13886,71,1,243.56,2,0
13354,71,1,743.5300000000001,2,0
15050,25,5,1727.17,2,0
13503,71,1,216.85,2,0
16653,16,3,1166.9200000000003,2,0
16574,71,1,451.44,2,0
13759,33,2,659.41,2,0
17813,14,7,1714.6,2,0
12718,71,1,238.25,2,0
15949,17,2,364.72,2,0
12703,64,2,274.7,2,0
13364,67,2,7.105427357601002e-15,2,0
16268,71,2,667.6500000000001,2,0
18053,66,2,297.0700000000001,2,0
16101,9,3,1245.9599999999998,2,0
15565,50,2,173.16000000000005,2,0
18217,29,2,621.7500000000001,2,0
13954,2,3,378.59,2,0
15593,71,1,199.8,2,0
13095,71,1,74.4,2,0
15287,22,3,485.24,2,0
13347,70,1,341.36,2,0
15185,70,1,310.62,2,0
16404,70,1,443.05000000000007,2,0
16613,70,1,618.5900000000001,2,0
16591,69,1,213.5,2,0
15774,69,1,270.79999999999995,2,0
13558,6,4,605.06,2,0
16930,26,3,380.55,2,0
16533,19,5,1026.94,2,0
18059,9,4,296.71,2,0
14488,51,2,1047.43,2,0
16747,25,4,826.96,2,0
14333,64,2,351.45,2,0
13635,68,1,1071.03,2,0
17330,23,2,363.9,2,0
17321,8,2,700.8599999999999,2,0
14815,37,2,778.5,2,0
15091,54,2,476.96,2,0
15088,21,3,1140.27,2,0
15930,67,1,426.63000000000005,2,0
16183,67,1,338.7100000000001,2,0
13297,8,4,2089.85,2,0
13801,67,1,324.79999999999995,2,0
16881,67,1,432.0,2,0
17014,8,4,565.58,2,0
15255,67,1,890.85,2,0
14184,67,1,452.89,2,0
13351,66,1,373.94,2,0
15739,66,1,449.12,2,0
12512,66,2,138.03,2,0
17957,66,1,111.68,2,0
15276,66,1,135.31,2,0
15127,66,1,406.53,2,0
16106,66,1,108.38,2,0
17666,4,2,728.1599999999999,2,0
13483,66,1,140.34,2,0
16478,25,3,331.0,2,0
17382,65,1,65.4,2,0
12789,65,1,91.85,2,0
16020,17,3,851.01,2,0
17222,65,1,354.15,2,0
16803,65,1,332.3,2,0
13947,65,1,90.6,2,0
16758,65,1,369.34,2,0
12719,5,3,608.1,2,0
17647,65,1,133.06,2,0
14054,65,1,92.46,2,0
12723,4,5,725.07,2,0
18033,65,1,97.97,2,0
13845,65,1,312.98,2,0
15837,65,1,391.98,2,0
12628,4,4,769.61,2,0
13177,65,1,282.45,2,0
14317,65,1,508.58,2,0
16295,10,4,1328.5500000000004,2,0
13602,65,1,428.89,2,0
16895,65,1,219.14,2,0
17295,29,3,556.95,2,0
13504,64,1,295.93000000000006,2,0
13422,51,2,2601.55,2,0
15264,64,1,393.7400000000001,2,0
16432,64,1,287.4,2,0
13816,24,4,555.04,2,0
14518,64,1,174.37,2,0
13882,3,6,1131.28,2,0
15937,64,1,145.35,2,0
12923,64,1,176.97,2,0
17453,18,2,486.72,2,0
15766,64,1,315.05999999999995,2,0
15300,64,1,496.44,2,0
13348,64,1,233.76,2,0
14592,35,3,570.4599999999999,2,0
14792,64,2,0.0,2,0
17030,64,1,146.87000000000003,2,0
12420,64,1,600.3900000000001,2,0
14427,50,2,363.34,2,0
12519,64,1,340.84000000000003,2,0
13359,59,2,431.26,2,0
14138,2,2,982.3800000000002,2,0
15297,10,4,635.0400000000001,2,0
13876,64,1,122.7,2,0
12740,64,1,427.6,2,0
17086,7,6,2050.08,2,0
13806,64,1,256.38,2,0
18096,12,3,911.15,2,0
13587,32,3,347.0,2,0
12856,8,8,2162.68,2,0
13419,64,1,221.06,2,0
17509,58,11,6100.74,2,0
16900,12,5,187.69,2,0
13689,63,1,910.0,2,0
13755,4,10,2154.6800000000003,2,0
16104,62,1,302.36,2,0
13259,62,1,292.31999999999994,2,0
16248,62,1,152.94,2,0
15612,36,2,195.15,2,0
15787,26,3,948.05,2,0
16595,61,1,360.16,2,0
13260,61,1,557.62,2,0
15821,44,2,570.9599999999999,2,0
18088,61,1,167.66999999999996,2,0
16685,61,2,324.24,2,0
13193,61,1,117.88,2,0
13212,9,4,780.5799999999999,2,0
14801,61,1,193.14,2,0
16380,61,1,1780.59,2,0
16921,61,1,169.79000000000002,2,0
15193,61,1,499.32,2,0
14027,61,1,104.82000000000002,2,0
16179,61,1,215.83,2,0
15473,14,10,1465.2,2,0
17425,19,2,759.1700000000001,2,0
18169,61,1,202.65,2,0
18126,61,1,206.83,2,0
16688,1,4,1260.86,2,0
16982,61,1,384.06,2,0
15330,32,2,714.9599999999999,2,0
17186,47,2,144.0,2,0
13685,3,7,3119.44,2,0
16776,60,1,388.2800000000001,2,0
13980,60,1,200.14,2,0
13352,8,2,389.28,2,0
15553,60,1,437.23,2,0
15886,60,1,181.09000000000003,2,0
17203,36,6,3563.8499999999995,2,0
12607,58,2,0.0,2,0
17459,43,2,657.3,2,0
12772,60,1,892.4700000000001,2,0
16561,6,2,511.12,2,0
14121,4,6,2740.3,2,0
12371,45,2,1887.96,2,0
17119,3,3,593.6099999999999,2,0
17620,60,1,81.44,2,0
12824,60,1,397.12,2,0
14710,14,4,606.13,2,0
16120,59,5,1294.14,2,0
14624,57,2,225.85,2,0
16171,59,1,73.2,2,0
12536,8,5,4106.82,2,0
13690,59,1,172.25,2,0
17934,52,2,704.25,2,0
14642,59,1,96.12,2,0
12602,59,1,153.12,2,0
16753,58,1,223.92,2,0
17737,9,2,168.24,2,0
13464,58,1,674.6800000000001,2,0
12667,58,1,620.1300000000001,2,0
12498,21,3,403.7,2,0
14537,58,1,355.56000000000006,2,0
17279,58,1,187.83,2,0
14251,2,5,2879.7,2,0
12446,58,1,1002.31,2,0
12631,57,1,640.5,2,0
14234,22,4,775.4600000000003,2,0
14975,57,1,279.94,2,0
13853,9,2,1056.94,2,0
16773,57,1,171.59,2,0
16430,57,1,300.85,2,0
16793,57,1,243.84,2,0
18130,9,4,1045.7399999999998,2,0
17614,57,1,390.0700000000001,2,0
13858,57,1,216.17,2,0
14856,36,3,1311.38,2,0
14089,57,1,161.0,2,0
15478,40,2,1441.4199999999998,2,0
16413,57,1,262.2,2,0
13810,29,4,899.51,2,0
16416,27,4,1026.99,2,0
13006,56,1,81.57,2,0
17986,56,1,20.8,2,0
12454,53,2,-5.684341886080804e-14,2,0
14910,3,7,389.86,2,0
16243,34,2,409.1,2,0
13878,55,1,1281.53,2,0
16934,55,2,950.93,2,0
15994,55,1,427.0700000000001,2,0
14547,4,9,3986.74,2,0
16052,54,1,362.06,2,0
15113,10,4,3439.4099999999994,2,0
12475,54,1,723.3799999999999,2,0
16542,54,1,119.62,2,0
18042,54,1,165.04999999999998,2,0
16563,54,1,1077.74,2,0
17201,54,1,342.63,2,0
17520,54,1,546.81,2,0
13923,54,1,351.13000000000005,2,0
16412,54,1,151.83,2,0
17205,54,1,384.08,2,0
17534,54,1,223.36,2,0
15335,54,1,173.97,2,0
16737,53,1,417.6,2,0
15066,32,2,760.59,2,0
17206,53,1,204.24,2,0
17785,53,1,131.94,2,0
16932,53,1,161.93999999999997,2,0
16363,53,1,109.36,2,0
14830,53,1,197.13,2,0
17244,53,1,954.9,2,0
15355,29,2,277.05000000000007,2,0
15598,35,3,235.68,2,0
15637,53,1,223.36,2,0
16848,53,1,281.42,2,0
15678,53,1,352.70000000000005,2,0
14015,53,1,917.34,2,0
13594,53,1,396.97,2,0
15327,53,1,208.75,2,0
14861,52,1,125.79000000000002,2,0
14554,10,4,2381.04,2,0
12611,52,1,1193.32,2,0
14179,41,2,719.78,2,0
15604,52,1,216.39,2,0
14381,52,1,202.68,2,0
12572,9,3,1004.72,2,0
16123,52,1,307.78000000000003,2,0
16851,4,3,342.45000000000005,2,0
17148,52,1,124.88,2,0
17549,24,2,148.86,2,0
17973,52,1,337.04,2,0
15610,52,1,112.46,2,0
15853,52,1,110.8,2,0
18019,52,1,38.45,2,0
14698,2,5,1250.76,2,0
16826,51,1,341.70000000000005,2,0
17824,51,1,298.4,2,0
12522,39,2,192.72000000000003,2,0
15803,51,1,415.8200000000001,2,0
15006,51,1,502.09,2,0
17350,8,5,1256.19,2,0
14799,51,1,157.70000000000002,2,0
15814,3,6,1842.73,2,0
16260,51,1,1035.45,2,0
14638,51,1,443.6,2,0
17354,51,1,1393.06,2,0
13245,51,1,430.5,2,0
14923,51,1,749.1,2,0
16177,50,1,331.95,2,0
13366,50,1,56.16,2,0
16284,31,2,823.97,2,0
16846,50,1,214.32,2,0
14484,50,1,321.92,2,0
13897,50,1,311.16,2,0
14585,50,1,157.05,2,0
17125,50,1,259.35,2,0
15836,45,2,117.47,2,0
16313,3,2,274.15000000000003,2,0
13460,29,2,183.44,2,0
12403,50,2,409.7,2,0
14967,50,1,463.8,2,0
15286,50,1,240.55,2,0
17832,50,1,155.37000000000003,2,0
12646,5,2,1346.97,2,0
16015,4,4,690.5400000000001,2,0
16311,18,2,616.26,2,0
15728,49,1,-134.8,2,0
15740,49,1,154.88000000000002,2,0
13974,49,1,413.59,2,0
15677,49,1,657.23,2,0
15000,48,1,490.52,2,0
16017,47,1,211.88,2,0
13471,1,4,2531.58,2,0
13598,47,2,167.42000000000002,2,0
18005,4,2,249.72,2,0
15427,33,3,1483.14,2,0
15022,12,4,905.04,2,0
17111,47,1,248.61,2,0
17836,47,1,110.21,2,0
14629,4,3,939.21,2,0
15592,47,1,388.58,2,0
15277,47,1,255.9,2,0
16491,47,1,731.5,2,0
15516,45,3,62.43,2,0
14764,44,2,250.55,2,0
16742,47,2,0.0,2,0
15142,46,1,498.74000000000007,2,0
17344,46,1,160.57000000000002,2,0
18240,46,1,422.58,2,0
17081,25,2,290.16,2,0
14474,43,2,537.71,2,0
14139,46,1,415.82,2,0
15844,46,1,130.73999999999998,2,0
13176,46,1,492.84,2,0
12398,46,1,1635.66,2,0
15345,35,2,367.69,2,0
16708,46,1,656.6300000000001,2,0
15963,20,2,470.7600000000001,2,0
18045,45,1,189.4,2,0
13182,45,1,121.18,2,0
15158,45,1,401.4000000000001,2,0
13028,23,3,659.6800000000001,2,0
13978,15,2,196.79,2,0
16056,45,1,664.85,2,0
12812,45,1,229.64,2,0
16071,45,1,326.24,2,0
14539,16,2,537.48,2,0
14550,11,2,765.62,2,0
17712,45,1,522.91,2,0
14102,5,8,1314.73,2,0
14598,44,1,221.97,2,0
15320,44,1,267.13000000000005,2,0
16415,44,1,210.35,2,0
12448,44,1,449.4500000000001,2,0
12827,6,3,430.15,2,0
16345,44,1,575.4100000000001,2,0
15993,9,10,2756.82,2,0
17895,44,1,98.0,2,0
15948,8,2,955.24,2,0
15659,44,1,306.45000000000005,2,0
18154,3,2,399.19,2,0
12630,10,2,1270.88,2,0
13363,18,2,992.5,2,0
18276,21,3,323.36,2,0
17684,44,1,239.41,2,0
17878,44,1,379.45,2,0
14752,44,1,389.63999999999993,2,0
16847,43,1,193.44,2,0
14971,35,3,1116.5700000000002,2,0
17545,43,3,645.96,2,0
16026,43,1,236.09,2,0
16513,5,4,874.5899999999999,2,0
12430,43,1,256.4,2,0
14357,43,1,225.77,2,0
16855,24,2,328.40000000000003,2,0
16680,43,1,183.7,2,0
18035,36,3,730.4000000000002,2,0
16648,39,2,270.86,2,0
16164,17,4,802.53,2,0
14218,43,1,169.48000000000002,2,0
15096,43,1,219.39,2,0
18030,4,3,220.7,2,0
14416,22,2,490.2200000000001,2,0
17839,42,1,338.79999999999995,2,0
16601,41,1,244.79999999999995,2,0
12912,3,5,1662.3,2,0
13278,41,1,542.73,2,0
14582,41,1,114.11,2,0
15748,40,1,149.30999999999997,2,0
16079,17,3,1352.0000000000002,2,0
17590,2,3,1479.22,2,0
15054,12,2,302.1,2,0
14158,40,1,507.66,2,0
15385,40,1,316.88,2,0
16506,20,2,90.3,2,0
13822,6,2,632.0,2,0
18067,40,1,396.33,2,0
16190,40,1,215.08,2,0
15444,9,2,1418.2600000000002,2,0
13607,40,1,678.0100000000001,2,0
12581,40,1,197.71,2,0
15360,40,1,427.93,2,0
13103,40,1,243.94,2,0
15667,40,1,301.32000000000005,2,0
13651,35,2,94.2,2,0
12552,39,2,437.82,2,0
16127,39,1,656.25,2,0
12588,39,1,214.9,2,0
15977,17,2,1054.73,2,0
13697,39,1,151.3,2,0
14345,39,1,108.98,2,0
17503,3,2,558.9599999999999,2,0
16830,39,1,325.91,2,0
17495,8,2,497.56000000000006,2,0
12491,39,1,460.4,2,0
14485,39,1,165.75,2,0
13868,7,2,3192.54,2,0
15423,38,1,43.5,2,0
17668,1,2,347.75,2,0
16971,3,2,232.21,2,0
16352,18,2,494.44,2,0
16884,38,2,429.84,2,0
15830,29,2,547.7,2,0
14216,3,4,1839.3,2,0
15275,31,2,609.1899999999999,2,0
16790,4,8,1520.12,2,0
15576,38,1,940.67,2,0
18105,38,1,113.48000000000002,2,0
18164,31,2,394.7,2,0
14974,37,1,114.39,2,0
17947,37,1,176.67999999999998,2,0
13318,1,3,640.7600000000001,2,0
18104,37,1,754.6400000000001,2,0
13271,37,2,178.25999999999996,2,0
17595,12,2,388.79,2,0
14528,37,1,364.22,2,0
17432,18,2,365.76,2,0
16337,37,1,151.05,2,0
14098,37,1,147.34999999999997,2,0
15551,37,1,436.06,2,0
16347,11,2,887.6500000000001,2,0
13721,36,1,524.1400000000001,2,0
16322,1,2,326.74999999999994,2,0
17403,36,1,281.62,2,0
16914,36,1,208.45999999999995,2,0
16602,31,2,494.73,2,0
12544,30,2,355.70000000000005,2,0
13914,4,3,613.95,2,0
13467,11,2,1083.71,2,0
17221,7,2,335.13000000000005,2,0
17078,36,2,378.2000000000001,2,0
13447,23,4,1104.2300000000002,2,0
15010,36,1,308.94,2,0
18022,36,1,668.1099999999999,2,0
16318,35,1,328.15,2,0
17274,35,1,111.98000000000002,2,0
15597,30,2,315.72,2,0
17233,35,1,190.88,2,0
16887,35,1,194.88,2,0
13938,35,1,71.66,2,0
17084,35,2,2949.75,2,0
14882,27,2,589.7,2,0
15017,34,1,125.58,2,0
12882,9,2,1463.0399999999995,2,0
17387,20,2,784.1099999999999,2,0
13727,29,2,333.48,2,0
13532,34,1,210.31,2,0
16445,34,1,230.51,2,0
15156,1,3,961.49,2,0
16372,33,2,367.93,2,0
17608,33,2,193.42,2,0
12638,33,1,671.69,2,0
14174,33,1,134.46,2,0
14039,33,1,152.2,2,0
13040,9,2,676.99,2,0
15883,2,2,396.48,2,0
14664,20,2,637.8900000000001,2,0
15526,33,2,148.44,2,0
17831,33,1,35.400000000000006,2,0
15025,33,1,377.01,2,0
12357,33,1,6207.67,2,0
17761,33,1,712.78,2,0
15870,33,1,354.09000000000003,2,0
14080,33,1,45.6,2,0
17623,33,1,527.0500000000001,2,0
13673,19,2,396.92,2,0
14073,21,2,139.54,2,0
16070,22,2,852.15,2,0
13066,24,3,430.9,2,0
14929,32,1,223.88,2,0
13710,32,1,180.48,2,0
16732,32,1,603.7499999999999,2,0
14140,4,3,920.05,2,0
17219,32,1,114.23,2,0
16505,32,1,777.6,2,0
15957,32,1,428.89,2,0
18123,24,2,589.44,2,0
15043,31,1,537.0,2,0
17313,18,2,2288.13,2,0
18216,31,1,481.75,2,0
17022,31,1,71.0,2,0
15153,31,1,329.25,2,0
16759,8,4,772.84,2,0
16751,31,1,1764.7199999999998,2,0
12893,31,1,188.14,2,0
14836,10,3,102.45,2,0
17011,30,1,270.9,2,0
12532,30,1,349.83000000000004,2,0
17038,30,1,112.40000000000002,2,0
14968,30,1,147.59000000000003,2,0
12504,18,4,114.00000000000004,2,0
16516,30,1,101.7,2,0
13522,30,1,125.8,2,0
15986,30,1,168.11999999999998,2,0
13992,30,1,76.8,2,0
14354,6,2,163.62,2,0
16986,30,2,1873.2,2,0
16953,30,1,20.8,2,0
18274,18,2,-1.7763568394002505e-15,2,0
15450,30,1,429.84,2,0
15531,8,2,2007.44,2,0
17500,17,3,1138.0,2,0
17197,30,1,1013.01,2,0
16025,30,1,439.66,2,0
12659,30,1,91.68,2,0
17461,23,3,757.4599999999999,2,0
17791,30,1,106.1,2,0
15463,29,1,126.14,2,0
17977,29,1,288.14,2,0
12617,29,1,355.53000000000003,2,0
14863,29,1,266.76,2,0
16903,29,1,373.24,2,0
12508,26,2,398.27,2,0
17502,9,4,689.0999999999999,2,0
12538,29,1,363.95,2,0
17901,29,1,110.38,2,0
14789,29,1,197.64,2,0
18209,29,1,139.10000000000002,2,0
12985,1,3,1215.62,2,0
15557,29,1,473.65,2,0
16433,28,1,184.26,2,0
15692,28,1,191.04,2,0
17052,28,1,413.75,2,0
16368,2,2,497.43,2,0
18014,28,1,166.42,2,0
13732,28,1,491.86000000000007,2,0
13091,21,2,319.82,2,0
14661,27,1,107.95,2,0
13170,27,1,116.01,2,0
15654,9,2,922.53,2,0
13146,26,1,228.91,2,0
14788,7,2,679.4399999999998,2,0
13603,26,1,164.34,2,0
14382,26,1,626.07,2,0
16720,26,1,155.24,2,0
14904,2,2,1025.44,2,0
14494,26,1,139.56,2,0
14902,21,2,314.11,2,0
16936,26,1,262.68,2,0
12938,26,1,114.14,2,0
15168,26,1,106.56,2,0
17538,26,1,98.42,2,0
18082,26,1,703.37,2,0
18117,26,1,320.72,2,0
15458,25,1,161.64,2,0
17566,8,2,901.21,2,0
16207,25,1,394.38,2,0
12762,8,2,1898.5200000000004,2,0
17793,25,1,323.04,2,0
14953,25,1,289.82000000000005,2,0
16504,25,1,484.38,2,0
12374,25,1,742.93,2,0
15009,12,3,1261.78,2,0
16423,25,1,346.12,2,0
15419,25,1,135.86,2,0
17510,25,1,308.48,2,0
15758,25,1,205.25,2,0
15524,25,1,440.0,2,0
14725,25,1,718.08,2,0
14666,24,1,195.25,2,0
14714,24,1,160.19,2,0
17153,24,1,213.78,2,0
12950,2,3,1843.0,2,0
15720,24,1,598.73,2,0
18181,24,1,382.7999999999999,2,0
15556,24,1,279.77,2,0
17357,24,2,388.13999999999993,2,0
12890,24,1,380.47,2,0
13449,24,1,291.88000000000005,2,0
15269,24,1,408.8,2,0
14385,9,3,202.11,2,0
15900,24,1,351.11000000000007,2,0
17680,24,1,184.4,2,0
13926,23,1,223.85,2,0
16204,23,1,405.71,2,0
17896,23,1,256.32,2,0
17835,3,3,350.64,2,0
15432,23,1,171.19,2,0
18006,23,1,444.68,2,0
15657,23,1,30.0,2,0
17237,11,2,314.69,2,0
13160,22,1,91.8,2,0
12847,22,1,871.5399999999998,2,0
17397,22,2,696.4100000000001,2,0
17985,22,1,634.9499999999999,2,0
14362,22,1,161.2,2,0
13828,22,1,209.49000000000004,2,0
15435,22,1,149.29000000000002,2,0
12445,22,1,133.4,2,0
12603,22,1,739.1999999999999,2,0
14641,22,1,110.46,2,0
12618,22,1,177.31,2,0
15621,4,6,1158.77,2,0
12391,22,1,460.89,2,0
18034,22,2,422.88,2,0
17286,22,1,153.92000000000002,2,0
17904,21,2,178.91999999999993,2,0
17301,21,1,197.63,2,0
15368,21,1,446.94000000000005,2,0
14793,4,2,214.14,2,0
17650,21,1,166.07999999999998,2,0
12702,20,1,219.0,2,0
14881,20,1,255.4,2,0
16784,20,1,107.6,2,0
14052,20,1,225.36,2,0
18110,19,2,206.05,2,0
17561,19,1,167.61999999999998,2,0
15988,19,1,158.03,2,0
17523,11,4,652.74,2,0
14950,9,2,361.25,2,0
16666,19,1,118.98,2,0
14860,9,2,168.62,2,0
17636,9,2,265.93,2,0
13832,18,2,40.95,2,0
13142,19,1,307.0899999999999,2,0
16366,19,1,327.3,2,0
14300,19,1,43.2,2,0
12349,19,1,1757.5500000000002,2,0
12658,19,1,686.05,2,0
12795,19,1,430.48,2,0
15567,19,1,186.01,2,0
15645,19,1,612.01,2,0
16406,19,1,163.07,2,0
15857,19,1,296.99999999999994,2,0
12984,19,1,97.5,2,0
17253,18,1,178.26,2,0
13739,18,1,216.9,2,0
18139,17,8,8393.220000000001,2,0
15274,4,2,716.57,2,0
17010,17,2,185.46,2,0
15115,18,1,340.11,2,0
17100,18,2,971.74,2,0
15699,18,1,309.6499999999999,2,0
13403,18,1,75.0,2,0
16956,9,2,292.34000000000003,2,0
17600,18,1,161.67000000000002,2,0
15877,2,3,440.78,2,0
14424,18,1,322.08,2,0
13322,17,1,199.48,2,0
17297,17,1,131.78,2,0
13986,17,1,320.46000000000004,2,0
12920,17,1,164.23000000000002,2,0
18249,17,1,95.34,2,0
15634,17,1,243.55,2,0
16376,9,3,977.52,2,0
16811,5,2,547.0699999999999,2,0
12452,17,3,428.57,2,0
14581,17,1,138.6,2,0
14675,16,1,604.7500000000001,2,0
17290,4,2,525.24,2,0
16343,16,2,370.48,2,0
13638,16,1,122.64,2,0
16482,16,1,220.62,2,0
12784,9,2,574.4200000000001,2,0
17458,15,1,316.49999999999994,2,0
14785,10,2,77.4,2,0
17254,5,2,272.44,2,0
17767,15,1,271.20000000000005,2,0
15725,15,1,415.25,2,0
17247,15,1,282.19,2,0
18184,15,1,49.8,2,0
15428,15,1,93.78,2,0
17727,9,2,1042.55,2,0
14756,15,1,738.9599999999998,2,0
16856,15,1,35.400000000000006,2,0
14703,15,1,318.17,2,0
17385,15,1,261.11,2,0
12531,15,1,125.22,2,0
15872,15,2,360.93,2,0
14966,15,1,191.32,2,0
17232,3,2,421.52,2,0
17468,10,2,137.0,2,0
13332,14,1,350.9,2,0
14946,14,1,100.9,2,0
13256,14,1,0.0,2,0
13596,6,2,697.0400000000001,2,0
16024,12,1,251.24,2,0
14954,12,1,336.17,2,0
17885,12,1,190.19,2,0
14093,12,1,442.85,2,0
14893,10,2,1237.85,2,0
15721,12,1,507.08,2,0
17852,12,2,114.34,2,0
13844,11,1,361.62,2,0
12479,4,3,477.3,2,0
12660,11,1,245.1,2,0
15540,11,1,213.30000000000004,2,0
17379,11,1,404.66,2,0
16800,11,1,1201.4899999999998,2,0
17806,11,1,546.04,2,0
17359,11,1,127.86,2,0
13188,11,1,114.6,2,0
14480,11,1,279.05,2,0
13349,11,1,247.32,2,0
15619,11,1,336.40000000000003,2,0
15148,11,1,301.29,2,0
14601,11,1,213.96000000000004,2,0
15783,11,1,246.3,2,0
17772,11,2,182.77,2,0
14126,8,4,643.6300000000001,2,0
16479,10,2,300.83,2,0
13428,10,1,218.47,2,0
15790,10,1,220.85,2,0
13521,1,3,1093.65,2,0
14349,10,1,133.5,2,0
18058,10,1,170.16,2,0
12953,10,1,329.85,2,0
12966,10,1,160.18,2,0
15060,8,4,303.09000000000003,2,0
17911,9,1,366.23,2,0
14804,9,1,353.27,2,0
15904,8,1,164.67999999999998,2,0
16789,8,1,80.8,2,0
12558,2,2,2.6645352591003763e-14,2,0
17942,8,1,77.50000000000001,2,0
12587,8,1,144.0,2,0
13560,7,1,174.36999999999998,2,0
15539,7,1,538.46,2,0
13017,7,1,204.0,2,0
18174,7,1,104.0,2,0
13153,6,1,486.22,2,0
15773,6,1,635.6800000000001,2,0
17936,5,1,389.84,2,0
16535,5,1,593.75,2,0
16988,5,1,126.12,2,0
15097,4,1,248.08,2,0
18015,4,1,120.03000000000002,2,0
16597,4,1,90.04000000000002,2,0
13790,4,1,348.79999999999995,2,0
14219,4,1,89.94,2,0
12367,4,1,168.89999999999998,2,0
17383,4,1,199.29,2,0
12478,4,1,680.9900000000001,2,0
15992,4,1,41.99,2,0
15318,4,1,312.62,2,0
17914,4,1,336.43,2,0
16528,4,1,244.41000000000005,2,0
12442,3,1,172.06,2,0
16569,3,1,124.2,2,0
12650,3,1,314.44,2,0
14578,3,1,168.63,2,0
16000,3,3,12393.7,2,0
15195,3,1,3861.0,2,0
14087,3,2,181.67,2,0
14204,2,1,161.02999999999994,2,0
15471,2,1,469.4799999999999,2,0
13436,2,1,196.89,2,0
15520,2,1,343.5,2,0
13298,1,1,360.0,2,0
14569,1,1,227.39,2,0
12713,1,1,848.5500000000001,2,0
